# AETHER 3D Reconstruction
# vertices: 2000
# faces: 3983

v -0.406044 0.055843 0.969205
v 0.072911 -0.122491 0.746609
v -0.515201 0.148242 1.244260
v 0.806617 0.176651 1.330075
v 0.044134 0.252630 1.558394
v -0.341248 -0.101942 0.884652
v -0.045857 0.123813 1.173927
v 0.271516 0.059275 0.978986
v -0.202594 0.150115 1.249735
v -0.469843 0.048284 0.950828
v -0.226002 0.159824 1.278594
v -0.292572 0.204249 1.413179
v 0.114334 0.001545 0.791065
v 0.252450 0.115566 1.148926
v -0.142853 -0.097832 0.886552
v -0.574196 0.157842 1.272677
v -0.415100 -0.081645 0.880047
v -0.047597 0.150115 1.249735
v -0.436593 -0.103540 0.883541
v 0.037751 -0.125595 0.743406
v -0.021735 -0.035111 0.856034
v -0.326540 -0.124811 0.743061
v -0.475014 0.127133 1.183489
v 0.523045 -0.067407 0.873733
v 0.319595 -0.035975 0.856714
v -0.321521 -0.034240 0.855162
v -0.431690 -0.105122 0.882337
v 0.480547 -0.071826 0.875588
v -0.095014 0.027527 0.909294
v 0.175396 0.038368 0.935445
v -0.220682 -0.110770 0.879293
v -0.644300 0.087717 1.069307
v -0.270581 0.086378 1.065673
v 0.301461 0.079708 1.046429
v 0.454214 -0.072709 0.875924
v -0.470901 -0.051295 0.861076
v -0.489154 0.152018 1.255373
v 0.410458 0.238570 1.517363
v -0.451147 0.085044 1.062011
v -0.593670 0.170168 1.310169
v 0.109220 0.133882 1.202593
v -0.376736 0.219763 1.461280
v -0.487036 -0.013269 0.799239
v -0.143694 0.074359 1.028967
v 0.124863 0.159824 1.278594
v 0.023275 -0.122921 0.744799
v 0.202684 0.052548 0.960874
v -0.092979 -0.126134 0.738063
v -0.432385 -0.120562 0.762069
v 0.402920 0.007900 0.809000
v -0.747647 0.265008 1.516022
v -0.177143 -0.022752 0.832084
v -0.539526 0.028537 0.913182
v 0.285940 -0.088115 0.884601
v 0.105648 0.069116 1.011061
v 0.321133 -0.118224 0.858590
v -0.137938 0.052548 0.960874
v -0.460068 -0.122490 0.746609
v -0.146706 0.055843 0.969205
v -0.031646 0.091774 1.080190
v -0.412784 -0.108356 0.880605
v 0.241314 0.217182 1.453561
v 0.099939 -0.009225 0.787209
v 0.614848 0.263950 1.589911
v -0.490042 0.033515 0.927548
v 0.510385 0.047241 0.948520
v 0.411447 0.127133 1.183489
v 0.277094 -0.092653 0.886701
v 0.431932 0.049337 0.953230
v -0.357581 0.104658 1.116350
v 0.514010 -0.109163 0.880178
v -0.171615 -0.036835 0.857239
v 0.278251 0.189960 1.369849
v 0.187178 -0.128413 0.742907
v 0.514199 -0.118533 0.854772
v 0.052839 -0.120562 0.762069
v -0.395723 0.002323 0.792994
v 0.503016 -0.114438 0.874514
v -0.229780 -0.121518 0.754150
v -0.405385 -0.125959 0.741275
v 0.249701 -0.119123 0.781939
v -0.478733 -0.078931 0.878536
v -0.500850 -0.118775 0.850531
v 0.168861 -0.066521 0.873301
v 0.621580 0.095956 1.091763
v 0.207338 0.249714 1.549742
v -0.129257 0.017512 0.853928
v -0.491639 -0.117859 0.862052
v 0.357666 0.079708 1.046429
v 0.427263 -0.063834 0.871549
v -0.293851 -0.020989 0.826659
v 0.318184 0.024476 0.895110
v -0.249821 -0.062030 0.870125
v -0.467716 -0.094409 0.886927
v 0.503600 0.044192 0.942754
v 0.109273 0.086378 1.065673
v 0.284834 0.005478 0.801290
v -0.252785 -0.120054 0.763574
v -0.620434 0.137348 1.212451
v -0.241717 0.020427 0.871544
v -0.181133 0.013871 0.835498
v -0.277032 -0.118180 0.785820
v -0.546910 0.060448 0.982520
v 0.123511 -0.123511 0.743972
v -0.083357 0.192259 1.376734
v -0.319845 0.263950 1.589911
v 0.197633 0.127133 1.183489
v 0.113466 -0.122921 0.744799
v 0.547987 0.031545 0.922925
v -0.066562 0.277343 1.622851
v 0.238242 0.035463 0.931144
v 0.439637 0.199339 1.398101
v -0.022223 -0.070942 0.875234
v -0.739237 0.174470 1.323389
v 0.405193 -0.026301 0.841617
v 0.499763 -0.094409 0.886927
v 0.001661 -0.118775 0.850531
v -0.024642 -0.062030 0.870125
v 0.390065 0.059275 0.978986
v -0.063646 0.176651 1.330075
v -0.176180 0.066557 1.002271
v 0.100952 0.128800 1.188212
v 0.674707 0.140912 1.222833
v -0.394442 -0.084400 0.881897
v -0.361248 0.155881 1.266841
v 0.185544 -0.024521 0.836989
v 0.099432 -0.023636 0.834581
v -0.101765 -0.002295 0.783510
v 0.576351 0.034490 0.929423
v 0.160712 -0.057518 0.866154
v 0.434460 0.039330 0.936604
v -0.280556 0.019436 0.865328
v -0.151352 0.048284 0.950828
v 0.386985 -0.108356 0.880605
v 0.160419 -0.003819 0.782233
v -0.444032 0.012988 0.831242
v 0.105580 0.263950 1.589911
v -0.518235 0.277343 1.622851
v -0.436562 -0.038545 0.858042
v -0.290468 -0.126134 0.738063
v 0.028194 0.269411 1.603937
v 0.250952 0.258650 1.576533
v -0.184180 0.125473 1.178752
v -0.292375 0.036433 0.932684
v 0.389473 -0.013269 0.799239
v -0.049961 0.206782 1.421105
v -0.089093 -0.050430 0.860674
v -0.046991 0.087717 1.069307
v -0.183267 -0.119123 0.781939
v 0.400289 -0.010819 0.791305
v -0.646475 0.185464 1.356537
v -0.526670 0.249714 1.549742
v -0.204473 0.015665 0.844275
v 0.410680 -0.047871 0.859992
v -0.049769 -0.111551 0.878679
v 0.145196 0.082381 1.054475
v 0.479812 -0.116648 0.796317
v -0.169154 -0.122490 0.746609
v 0.493297 0.181051 1.343447
v -0.360929 -0.052162 0.861518
v 0.223107 -0.100312 0.885509
v 0.194931 0.065302 0.998048
v -0.203060 -0.041955 0.859229
v 0.184485 -0.095274 0.886913
v -0.152525 -0.018367 0.817725
v 0.051002 -0.010819 0.791305
v 0.704757 0.148242 1.244260
v -0.380793 0.050399 0.955715
v -0.060302 -0.123511 0.743972
v -0.306497 0.235767 1.508907
v -0.167558 0.176651 1.330075
v 0.376933 -0.086255 0.883248
v -0.485475 0.066557 1.002271
v 0.357090 0.026517 0.905098
v -0.120202 -0.118533 0.854772
v -0.071336 0.018464 0.859395
v 0.298044 -0.044497 0.859710
v 0.072763 0.097373 1.095718
v -0.516261 -0.028085 0.845842
v 0.220474 -0.084400 0.881897
v -0.172210 -0.035111 0.856034
v 0.151969 -0.000768 0.785942
v 0.264389 0.009556 0.815466
v 0.477953 -0.116946 0.867773
v 0.122116 0.075692 1.033444
v 0.272868 -0.026301 0.841617
v 0.139083 -0.088115 0.884601
v -0.525314 -0.050430 0.860674
v -0.410069 0.150115 1.249735
v -0.785465 0.249714 1.549742
v 0.517915 -0.062932 0.870845
v 0.324125 -0.078030 0.878052
v -0.220447 0.007086 0.806208
v 0.031582 0.132175 1.197764
v -0.744014 0.269411 1.603937
v 0.051336 -0.001532 0.784596
v -0.066887 0.189960 1.369849
v 0.170590 0.014763 0.839826
v 0.306274 0.127133 1.183489
v -0.302581 -0.050430 0.860674
v -0.488171 -0.078931 0.878536
v 0.358464 0.135603 1.207458
v -0.126778 -0.012444 0.796443
v -0.212649 -0.069175 0.874507
v -0.437744 0.008723 0.812047
v -0.588093 0.053634 0.963532
v -0.343301 0.033515 0.927548
v 0.072716 0.071720 1.020015
v -0.239778 0.185464 1.356537
v 0.151928 0.054732 0.966298
v -0.492988 -0.089949 0.885648
v -0.376719 0.006279 0.803666
v -0.370037 0.007086 0.806208
v 0.729293 0.170168 1.310169
v 0.288972 -0.116983 0.793318
v 0.263594 -0.117434 0.865129
v -0.095584 -0.021871 0.829473
v -0.095229 0.106175 1.120857
v -0.322183 -0.065630 0.872791
v 0.805940 0.232990 1.500514
v 0.581398 0.064061 0.993910
v 0.103187 -0.006115 0.782695
v -0.586251 0.064061 0.993910
v -0.312939 -0.041110 0.859114
v 0.332023 0.130479 1.192951
v 0.280127 -0.020989 0.826659
v 0.492321 -0.040258 0.858837
v -0.423757 0.249714 1.549742
v -0.206821 0.020427 0.871544
v 0.129237 0.174470 1.323389
v -0.304168 0.178846 1.336773
v -0.809675 0.255606 1.567309
v 0.166532 -0.079832 0.879012
v 0.155397 0.027527 0.909294
v -0.503081 -0.089033 0.885146
v -0.488213 0.159824 1.278594
v 0.385509 0.042222 0.939907
v 0.311184 -0.089033 0.885146
v -0.321795 0.274473 1.615286
v 0.593136 0.150115 1.249735
v 0.539547 -0.071826 0.875588
v 0.114243 -0.026301 0.841617
v 0.251933 -0.069175 0.874507
v -0.131458 -0.009225 0.787209
v -0.421917 0.043203 0.941269
v 0.296909 -0.008439 0.785619
v 0.458860 -0.097832 0.886552
v -0.394474 -0.081645 0.880047
v 0.639606 0.155881 1.266841
v 0.392548 0.266372 1.595117
v 0.169480 -0.119457 0.764528
v -0.161923 -0.041110 0.859114
v 0.728581 0.209362 1.429247
v -0.468285 -0.016640 0.811376
v 0.200036 0.185464 1.356537
v -0.490698 0.054732 0.966298
v 0.390061 0.006279 0.803666
v 0.252371 -0.032483 0.852897
v 0.428134 -0.126134 0.738063
v -0.585403 0.120491 1.163985
v -0.289560 -0.101130 0.885101
v -0.214855 0.029543 0.916713
v 0.858405 0.196944 1.390834
v 0.214849 0.018464 0.859395
v 0.387677 -0.118412 0.830504
v 0.227127 -0.124811 0.743061
v -0.128537 0.094544 1.087784
v 0.011101 0.075692 1.033444
v 0.549637 0.263950 1.589911
v 0.257176 0.172308 1.316739
v -0.276310 -0.119178 0.777312
v -0.303331 -0.038545 0.858042
v -0.441770 -0.103540 0.883541
v -0.584149 0.266372 1.595117
v 0.437474 0.020427 0.871544
v 0.394639 -0.015786 0.808221
v -0.490853 -0.050430 0.860674
v 0.443089 -0.017501 0.814584
v 0.141941 -0.071826 0.875588
v -0.446459 0.086378 1.065673
v 0.182041 -0.110770 0.879293
v 0.179995 0.019436 0.865328
v -0.332417 0.194586 1.383720
v 0.479330 -0.010018 0.789123
v 0.324038 0.021431 0.877818
v 0.447596 0.005478 0.801290
v 0.282270 -0.034240 0.855162
v -0.178583 0.249714 1.549742
v -0.217761 -0.013269 0.799239
v -0.346578 0.056972 0.972319
v -0.267966 0.010399 0.819095
v 0.486159 -0.053924 0.862785
v 0.014718 0.090408 1.076489
v 0.290855 0.047241 0.948520
v 0.442856 0.112383 1.139407
v -0.191421 -0.009225 0.787209
v 0.488059 0.056972 0.972319
v -0.067327 -0.019236 0.820747
v -0.086814 0.020427 0.871544
v -0.245265 0.135603 1.207458
v 0.195209 -0.082555 0.880591
v 0.202591 -0.097832 0.886552
v 0.102769 0.101688 1.107747
v -0.018307 0.150115 1.249735
v 0.326772 0.232990 1.500514
v -0.263108 0.261560 1.584837
v 0.223091 -0.056618 0.865322
v -0.505563 0.020427 0.871544
v 0.115737 -0.117323 0.811745
v 0.281075 0.026517 0.905098
v 0.444380 0.056972 0.972319
v 0.246591 0.004682 0.799080
v 0.090249 0.070414 1.015552
v 0.895697 0.265008 1.516022
v -0.154721 0.024476 0.895110
v -0.508844 -0.065630 0.872791
v 0.170841 -0.103540 0.883541
v -0.490696 -0.113040 0.876917
v 0.751203 0.277343 1.622851
v 0.350777 0.007900 0.809000
v 0.055920 0.130479 1.192951
v -0.283665 -0.016640 0.811376
v 0.119284 -0.122921 0.744799
v 0.547411 0.035463 0.931144
v 0.964212 0.261560 1.584837
v 0.350702 -0.122490 0.746609
v -0.348101 0.012115 0.827043
v 0.260781 0.196944 1.390834
v 0.193566 -0.013269 0.799239
v 0.392459 -0.086255 0.883248
v 0.232595 -0.026301 0.841617
v 0.065825 0.002323 0.792994
v -0.556390 0.067828 1.006614
v 0.299780 -0.101942 0.884652
v 0.123935 -0.021871 0.829473
v 0.409703 0.060448 0.982520
v -0.196358 -0.105930 0.881888
v 0.360968 -0.115782 0.871771
v -0.425879 0.146396 1.238920
v -0.282780 0.037400 0.934086
v -0.450759 -0.118533 0.854772
v -0.288585 -0.033362 0.854077
v 0.059457 0.194586 1.383720
v 0.379814 0.036433 0.932684
v -0.330290 -0.120983 0.760039
v -0.304006 0.040290 0.937657
v 0.322865 -0.110770 0.879293
v 0.352323 -0.091760 0.886434
v -0.339597 -0.061127 0.869368
v -0.297536 -0.121518 0.754150
v 0.359352 -0.018367 0.817725
v -0.179672 0.051469 0.958253
v 0.201127 0.107707 1.125431
v 0.401030 -0.067407 0.873733
v -0.265791 -0.118775 0.850531
v 0.350349 0.034490 0.929423
v -0.269370 -0.094409 0.886927
v -0.388405 -0.064734 0.872207
v -0.377893 0.093150 1.083929
v -0.780088 0.187700 1.363157
v 0.348073 -0.113744 0.875741
v -0.347248 0.178846 1.336773
v -0.166966 -0.122490 0.746609
v 0.368351 0.261560 1.584837
v 0.022889 0.144561 1.233588
v -0.348107 0.020427 0.871544
v -0.290415 0.083714 1.058309
v 0.499613 -0.015786 0.808221
v 0.290798 0.026517 0.905098
v -0.230990 -0.085329 0.882590
v 0.310525 0.003891 0.796936
v 0.317792 -0.080736 0.879510
v 0.294388 0.033515 0.927548
v -0.621109 0.222337 1.468858
v -0.441818 -0.048718 0.860117
v -0.433104 0.026517 0.905098
v 0.200842 -0.116946 0.867773
v 0.438817 -0.072709 0.875924
v 0.887106 0.211951 1.437336
v 0.491181 -0.118900 0.839682
v 0.725623 0.142726 1.228162
v 0.444044 -0.124071 0.742975
v 0.147348 -0.028973 0.847664
v 0.501867 -0.024521 0.836989
v -0.507049 0.056972 0.972319
v -0.505954 -0.024521 0.836989
v -0.748614 0.194586 1.383720
v 0.368807 0.246875 1.541463
v 0.722846 0.187700 1.363157
v -0.491325 0.001545 0.791065
v 0.454985 -0.053924 0.862785
v -0.858385 0.209362 1.429247
v 0.575547 0.045195 0.944488
v 0.379118 -0.006115 0.782695
v -0.046424 0.075692 1.033444
v -0.421632 -0.097832 0.886552
v 0.521111 -0.050430 0.860674
v 0.262916 -0.009225 0.787209
v -0.014051 -0.119020 0.846363
v 0.034680 -0.128607 0.739849
v 0.297876 -0.092653 0.886701
v -0.035685 0.125473 1.178752
v -0.189728 0.061638 0.986200
v 0.021000 -0.012444 0.796443
v -0.037454 0.038368 0.935445
v 0.263341 -0.102746 0.884133
v 0.169522 0.095956 1.091763
v 0.459027 -0.014100 0.802123
v 0.006796 -0.116388 0.869936
v 0.468225 -0.020989 0.826659
v -0.233658 -0.124811 0.743061
v -0.644630 0.082381 1.054475
v 0.330721 -0.022752 0.832084
v -0.024409 0.150115 1.249735
v 0.533220 0.024476 0.895110
v 0.035849 0.043203 0.941269
v 0.111610 -0.032483 0.852897
v -0.164686 -0.035111 0.856034
v -0.422551 -0.118412 0.830504
v -0.344204 -0.013269 0.799239
v 0.454481 -0.020110 0.823696
v -0.543868 0.053634 0.963532
v -0.781606 0.269411 1.603937
v -0.112252 0.140912 1.222833
v 0.011224 -0.102746 0.884133
v -0.481665 0.060448 0.982520
v 0.393300 0.120491 1.163985
v -0.121308 -0.025409 0.839323
v -0.197967 -0.128607 0.739849
v -0.310284 -0.116648 0.796317
v 0.040318 -0.048718 0.860117
v -0.291761 0.235767 1.508907
v -0.323337 -0.047871 0.859992
v -0.081243 -0.020110 0.823696
v 0.379832 -0.011627 0.793770
v -0.337571 -0.045345 0.859882
v -0.274551 -0.096136 0.886878
v -0.521287 -0.033362 0.854077
v 0.215821 0.052548 0.960874
v -0.147209 0.054732 0.966298
v 0.299986 0.194586 1.383720
v -0.203977 -0.035111 0.856034
v -0.186728 0.150115 1.249735
v 0.075880 0.013871 0.835498
v 0.185022 0.090408 1.076489
v -0.453557 -0.101942 0.884652
v 0.488760 -0.117364 0.790664
v -0.021044 -0.124811 0.743061
v -0.254341 0.000771 0.789227
v -0.807494 0.280799 1.624507
v -0.013060 -0.124071 0.742975
v 0.466860 -0.014100 0.802123
v -0.409313 -0.059321 0.867778
v 0.224623 -0.112312 0.877916
v -0.423455 -0.053037 0.862063
v 0.008265 -0.119020 0.846363
v -0.244925 -0.062932 0.870845
v -0.321553 0.204249 1.413179
v -0.346019 -0.028973 0.847664
v 0.539736 -0.111551 0.878680
v 0.028773 -0.116648 0.796317
v 0.431136 0.224941 1.476533
v -0.603936 0.054732 0.966298
v -0.360151 -0.109163 0.880178
v -0.178530 -0.119020 0.846363
v 0.263666 -0.031607 0.851717
v 0.520862 0.037400 0.934086
v -0.445061 -0.052162 0.861518
v 0.474913 -0.056618 0.865322
v -0.539645 0.039330 0.936604
v 0.138077 0.118837 1.158940
v -0.450465 -0.118180 0.785820
v -0.079550 0.026517 0.905098
v 0.133129 -0.080736 0.879510
v -0.376360 0.095956 1.091763
v -0.360902 0.244095 1.533459
v -0.321360 -0.121794 0.751307
v 0.588411 0.110812 1.134713
v 0.314919 -0.047028 0.859938
v -0.426329 -0.070058 0.874872
v -0.096359 0.009556 0.815466
v -0.625348 0.077028 1.037855
v 0.449732 -0.064734 0.872207
v 0.316820 -0.117434 0.865129
v -0.505103 0.041252 0.938703
v -0.413997 0.012988 0.831242
v -0.349856 -0.072709 0.875924
v -0.396931 0.078368 1.042198
v -0.543732 0.047241 0.948520
v -0.156748 0.148242 1.244260
v 0.091549 0.155881 1.266841
v -0.198308 0.100232 1.103629
v 0.435529 0.174470 1.323389
v 0.007199 0.010399 0.819095
v 0.377222 -0.012444 0.796443
v -0.195088 0.004682 0.799080
v 0.442481 0.056972 0.972319
v -0.279482 -0.118684 0.784081
v 0.078296 -0.107549 0.881040
v -0.466293 0.008723 0.812047
v 0.022294 0.028537 0.913182
v -0.040010 0.081046 1.050523
v 0.648908 0.079708 1.046428
v -0.307509 0.187700 1.363157
v -0.175465 0.029543 0.916713
v -0.344226 -0.075353 0.876834
v 0.154510 -0.045345 0.859882
v -0.288748 -0.064734 0.872207
v 0.418173 -0.020989 0.826659
v -0.416487 0.101688 1.107747
v -0.036929 -0.119078 0.771744
v -0.558401 0.109252 1.130044
v 0.437718 -0.130804 0.748285
v 0.216559 0.090408 1.076489
v 0.658645 0.217182 1.453561
v -0.025882 -0.116861 0.803122
v -0.139495 -0.123511 0.743972
v 0.318804 0.241337 1.525490
v 0.015344 -0.008439 0.785619
v -0.215496 -0.011627 0.793770
v 0.098915 0.280791 1.633695
v -0.301550 -0.121794 0.751307
v -0.452097 -0.056618 0.865322
v -0.158673 -0.034240 0.855162
v 0.020362 0.269411 1.603937
v 0.330129 -0.017501 0.814584
v 0.248526 -0.082555 0.880591
v 0.671724 0.181051 1.343447
v -0.460021 -0.118900 0.839682
v 0.185510 0.015665 0.844275
v -0.122977 0.070414 1.015552
v -0.149672 -0.099493 0.885921
v -0.357923 -0.116983 0.793318
v -0.501701 -0.119020 0.846363
v 0.297381 0.008723 0.812047
v -0.407542 0.122149 1.168973
v 0.129486 0.087717 1.069307
v -0.336794 0.012115 0.827043
v 0.194169 -0.109972 0.879777
v 0.433738 0.170168 1.310169
v -0.185883 0.040290 0.937658
v 0.023907 0.071720 1.020015
v 0.171871 0.161835 1.284643
v -0.338127 0.187700 1.363157
v -0.052432 0.097373 1.095718
v -0.177067 -0.072709 0.875924
v 0.317827 0.196944 1.390834
v -0.281565 -0.008439 0.785619
v -0.648234 0.095956 1.091763
v -0.373417 -0.116983 0.793318
v 0.439162 0.012988 0.831242
v -0.212969 0.117189 1.153864
v 0.100459 0.122149 1.168973
v -0.569801 0.059275 0.978986
v -0.336027 0.085044 1.062011
v -0.316170 -0.109972 0.879777
v -0.050591 -0.078030 0.878052
v 0.308104 -0.028085 0.845842
v 0.465160 0.118837 1.158940
v -0.191123 0.103163 1.111988
v -0.169586 -0.003819 0.782233
v 0.466359 -0.018367 0.817725
v -0.392203 0.128800 1.188212
v -0.394662 0.261560 1.584837
v 0.476978 -0.091760 0.886434
v -0.431759 -0.124811 0.743061
v 0.164823 0.040290 0.937657
v -0.435561 -0.042801 0.859372
v -0.871916 0.219763 1.461279
v -0.559116 0.081046 1.050523
v -0.070975 0.217182 1.453561
v -0.331860 0.272094 1.610544
v -0.165407 -0.077133 0.877600
v -0.029104 -0.074471 0.876534
v 0.138030 -0.119020 0.846363
v -0.027644 -0.088115 0.884601
v 0.249174 -0.025409 0.839323
v 0.115322 -0.126134 0.738063
v -0.467248 0.168056 1.303710
v -0.261933 -0.074471 0.876534
v -0.018129 -0.130531 0.742579
v 0.372455 0.219763 1.461279
v -0.447507 0.083714 1.058309
v 0.471051 0.008723 0.812047
v -0.355175 -0.015786 0.808221
v 0.245419 0.103163 1.111988
v 0.106949 -0.005347 0.782259
v -0.629765 0.238570 1.517363
v -0.121094 -0.115124 0.873240
v 0.221719 -0.096136 0.886878
v -0.379401 0.013871 0.835498
v 0.182796 0.106175 1.120857
v -0.341844 0.101688 1.107747
v 0.040335 0.041252 0.938703
v -0.151121 -0.044497 0.859710
v -0.010046 -0.010819 0.791305
v 0.235481 -0.117740 0.788014
v -0.038196 -0.005347 0.782259
v 0.095957 0.014763 0.839826
v -0.433517 -0.010819 0.791305
v -0.357610 0.034490 0.929423
v -0.171043 0.227574 1.484307
v 0.531656 0.091774 1.080190
v 0.137195 0.058117 0.975607
v 0.364871 0.103163 1.111988
v 0.053854 0.107707 1.125431
v -0.419661 -0.025409 0.839323
v 0.385997 -0.006115 0.782695
v -0.416713 -0.062932 0.870845
v 0.447353 0.006279 0.803666
v -0.379687 0.183251 1.349996
v 0.876666 0.286324 1.647167
v 0.049714 0.157842 1.272677
v -0.294521 -0.041955 0.859228
v -0.283870 -0.117434 0.865129
v 0.396383 -0.054819 0.863609
v -0.440733 0.031545 0.922925
v -0.248949 -0.007660 0.784380
v -0.068498 0.230270 1.492383
v 0.407274 0.059275 0.978986
v -0.216493 -0.065630 0.872791
v -0.835454 0.206782 1.421105
v 0.170020 -0.110770 0.879293
v 0.279881 0.232990 1.500514
v -0.128528 0.135603 1.207458
v 0.238908 -0.119080 0.766903
v 0.420934 -0.117323 0.811745
v -0.109605 0.153940 1.261073
v 0.442204 0.073034 1.024472
v -0.341516 -0.116946 0.867773
v 0.626579 0.103163 1.111988
v -0.501140 -0.086255 0.883248
v 0.159377 0.071720 1.020015
v 0.458733 -0.033362 0.854077
v 0.440730 -0.128607 0.739849
v -0.196777 -0.012444 0.796443
v -0.514304 0.272094 1.610544
v -0.294757 -0.070058 0.874872
v 0.039885 -0.130531 0.742579
v 0.268153 0.241337 1.525490
v 0.401326 0.050399 0.955715
v 0.344060 0.118837 1.158940
v 0.202221 -0.067407 0.873733
v 0.451697 -0.117364 0.790664
v -0.107442 -0.043648 0.859532
v 0.374494 0.042222 0.939907
v 0.079368 0.244095 1.533459
v -0.327594 0.050399 0.955715
v 0.307409 -0.110770 0.879293
v 0.571547 0.118837 1.158940
v 0.550565 0.029543 0.916713
v 0.199190 0.007086 0.806208
v -0.812736 0.255606 1.567310
v -0.488164 -0.002295 0.783510
v -0.222101 0.280799 1.624507
v 0.558240 0.106175 1.120857
v -0.429606 -0.094409 0.886927
v 0.279828 -0.009225 0.787209
v -0.091265 0.012115 0.827043
v -0.185881 0.168056 1.303710
v 0.045439 -0.112312 0.877916
v -0.477958 0.030546 0.919979
v 0.520666 -0.024521 0.836989
v -0.183046 -0.116946 0.867773
v 0.579267 0.073034 1.024472
v -0.215886 0.060448 0.982520
v -0.032855 0.027527 0.909294
v -0.476386 -0.040258 0.858837
v 0.290705 -0.049571 0.860353
v 0.296921 0.123813 1.173927
v -0.047174 -0.014938 0.805097
v -0.442296 0.086378 1.065673
v 0.497330 -0.074471 0.876534
v -0.371065 0.106175 1.120857
v 0.494100 0.016581 0.848924
v 0.274191 -0.004583 0.782093
v 0.000000 0.120491 1.163985
v -0.188955 0.007086 0.806208
v -0.306830 0.168056 1.303710
v 0.267482 0.045195 0.944488
v -0.290325 -0.041955 0.859229
v -0.476557 -0.118180 0.785820
v -0.536180 -0.062030 0.870125
v -0.531412 -0.117434 0.865129
v 0.580499 0.142726 1.228162
v -0.484981 0.016581 0.848924
v -0.465738 0.159824 1.278594
v 0.100220 0.095956 1.091763
v 0.317010 0.027527 0.909294
v -0.181699 0.087717 1.069307
v -0.183151 -0.101942 0.884652
v 0.148288 -0.119080 0.766903
v -0.342685 0.013871 0.835498
v -0.429737 0.077028 1.037856
v -0.002067 0.083714 1.058309
v -0.362208 -0.075353 0.876834
v -0.009171 0.123813 1.173927
v -0.319304 -0.122921 0.744799
v 0.021561 -0.018367 0.817725
v -0.059362 0.122148 1.168972
v 0.159318 -0.116946 0.867773
v 0.480344 0.007900 0.809000
v 0.085030 0.007086 0.806208
v 0.313452 0.058117 0.975607
v -0.061936 0.036433 0.932684
v -0.015272 -0.119123 0.781939
v -0.544146 0.280799 1.624507
v -0.688418 0.153940 1.261073
v 0.286840 -0.026301 0.841617
v 0.407454 -0.117859 0.862052
v -0.052548 0.052548 0.960874
v -0.189329 -0.066521 0.873301
v -0.375195 -0.118684 0.784081
v -0.662430 0.227575 1.484308
v -0.447837 -0.117364 0.790664
v -0.341318 0.255606 1.567309
v -0.523523 -0.041110 0.859114
v 0.757652 0.204249 1.413179
v -0.521800 -0.069175 0.874507
v -0.856595 0.249714 1.549742
v -0.478706 -0.047871 0.859992
v -0.418068 -0.062030 0.870125
v -0.474100 -0.031607 0.851717
v 0.411964 0.097373 1.095718
v 0.269232 0.024476 0.895110
v -0.356560 0.048284 0.950828
v -0.217208 -0.025409 0.839323
v -0.401926 -0.101130 0.885101
v 0.293527 0.006279 0.803666
v 0.410346 0.091774 1.080190
v 0.238225 -0.007660 0.784380
v -0.001513 0.249714 1.549742
v 0.414130 0.048284 0.950828
v 0.150345 0.082381 1.054475
v -0.461610 -0.122169 0.749110
v -0.167092 0.246875 1.541464
v -0.297040 0.009556 0.815466
v 0.491711 -0.028973 0.847664
v -0.306343 0.189960 1.369849
v -0.387252 -0.089033 0.885146
v 0.164334 -0.126134 0.738063
v -0.459674 -0.118180 0.785820
v -0.515539 0.034490 0.929423
v 0.050381 0.238570 1.517363
v 0.439202 0.130479 1.192951
v 0.132849 0.032535 0.925427
v 0.658689 0.122148 1.168972
v 0.147524 -0.117859 0.821001
v 0.546594 0.244095 1.533459
v -0.469676 -0.040258 0.858837
v -0.419028 -0.104326 0.882889
v 0.982826 0.263950 1.589911
v 0.963568 0.277343 1.622851
v 0.636317 0.187700 1.363157
v -0.606468 0.206782 1.421105
v -0.353307 -0.128607 0.739849
v -0.390586 -0.017501 0.814584
v 0.124239 0.064061 0.993910
v -0.383126 -0.049571 0.860353
v -0.957094 0.286324 1.647166
v -0.260412 -0.099493 0.885921
v 0.320293 0.241337 1.525490
v -0.021525 -0.009225 0.787209
v 0.173541 0.185464 1.356537
v 0.482520 -0.114438 0.874514
v 0.618587 0.224941 1.476533
v -0.468919 -0.001532 0.784596
v 0.534587 -0.111551 0.878679
v -0.417272 -0.071826 0.875588
v -0.348245 0.012988 0.831242
v 0.374439 -0.100312 0.885509
v 0.187714 0.274472 1.615286
v 0.247744 -0.117859 0.821001
v -0.302527 0.019436 0.865328
v -0.204589 -0.087188 0.883961
v 0.017856 0.003105 0.794965
v -0.391125 -0.037689 0.857627
v 0.121169 -0.124071 0.742975
v 0.032176 -0.020110 0.823696
v -0.041170 0.112383 1.139407
v 0.188517 -0.106740 0.881469
v -0.468046 -0.027193 0.843800
v -0.090536 0.194586 1.383720
v -0.136819 -0.003057 0.782697
v -0.311539 -0.117323 0.811745
v -0.199330 -0.060223 0.868571
v 0.461848 -0.105122 0.882337
v 0.124414 -0.010819 0.791305
v 0.598994 0.230270 1.492383
v 0.277536 0.075692 1.033444
v -0.394666 -0.038545 0.858042
v -0.151749 -0.112312 0.877916
v 0.481104 -0.116983 0.793318
v -0.435017 0.170168 1.310169
v -0.378680 -0.110770 0.879293
v 0.772759 0.163880 1.290874
v 0.091669 0.128800 1.188212
v 0.031054 0.214557 1.445437
v -0.387676 0.103163 1.111988
v 0.519628 -0.078030 0.878052
v -0.132858 -0.120983 0.760039
v 0.392167 -0.085329 0.882590
v 0.320808 -0.122490 0.746609
v -0.259427 0.002323 0.792994
v 0.504577 -0.113744 0.875741
v -0.512761 -0.080736 0.879510
v 0.423318 0.135603 1.207458
v 0.536726 0.100232 1.103629
v -0.360275 0.048284 0.950828
v 0.006719 -0.119457 0.764528
v -0.140451 0.071720 1.020015
v -0.498485 0.039330 0.936604
v -0.475421 -0.103540 0.883541
v -0.523472 0.181051 1.343447
v -0.278392 0.093150 1.083929
v -0.119929 0.067828 1.006614
v -0.433986 0.152018 1.255373
v 0.137207 0.060448 0.982520
v -0.296895 -0.057518 0.866154
v -0.434119 -0.116388 0.869936
v 0.311473 0.100232 1.103629
v 0.457300 -0.007660 0.784380
v 0.458212 0.074359 1.028967
v -0.409122 0.052548 0.960874
v -0.038417 -0.024521 0.836989
v 0.377310 -0.118224 0.858590
v 0.245337 0.181050 1.343447
v 0.349197 0.007900 0.809000
v 0.054554 0.176651 1.330075
v -0.198704 0.246875 1.541464
v 0.291449 0.142726 1.228162
v -0.025945 -0.014938 0.805097
v -0.506265 0.051469 0.958253
v 0.237184 -0.116648 0.796317
v -0.428855 -0.126134 0.738063
v -0.186289 -0.117323 0.811745
v 0.561091 0.209362 1.429247
v -0.516595 0.043203 0.941269
v 0.480368 -0.046189 0.859959
v -0.052709 -0.003819 0.782233
v -0.724394 0.209362 1.429247
v -0.111664 0.052548 0.960874
v 0.023987 0.060448 0.982520
v -0.362912 0.157842 1.272677
v -0.234505 -0.116861 0.803122
v 0.574447 0.100232 1.103629
v -0.432685 0.238570 1.517363
v 0.112157 0.194586 1.383720
v 0.408831 0.232990 1.500514
v 0.520160 0.235767 1.508907
v 0.181390 -0.124071 0.742975
v -0.147133 -0.098666 0.886260
v 0.456423 0.027527 0.909294
v -0.537229 0.027527 0.909294
v 0.385575 -0.021871 0.829473
v -0.404342 -0.006115 0.782695
v 0.440370 -0.119080 0.766903
v -0.195404 -0.106740 0.881469
v 0.240973 -0.053924 0.862785
v 0.454811 -0.123511 0.743972
v -0.236035 0.060448 0.982520
v 0.425648 0.067828 1.006614
v 0.271903 0.022443 0.883900
v -0.641701 0.272094 1.610544
v -0.054812 0.066557 1.002271
v 0.402256 -0.062932 0.870845
v -0.458256 -0.006885 0.783397
v 0.500117 -0.054819 0.863609
v -0.320882 -0.058419 0.866974
v -0.507637 0.109252 1.130044
v -0.045195 0.045195 0.944488
v -0.300268 -0.060223 0.868571
v 0.228413 -0.005347 0.782259
v 0.370914 0.070414 1.015552
v 0.384601 -0.115124 0.873240
v -0.264031 0.021431 0.877818
v 0.562737 0.034490 0.929423
v -0.401584 -0.111551 0.878679
v 0.684669 0.150115 1.249735
v 0.336322 -0.040258 0.858837
v 0.199083 -0.118684 0.784082
v 0.180859 0.133882 1.202593
v -0.439394 -0.030733 0.850548
v -0.322152 0.187700 1.363157
v 0.344520 -0.115124 0.873240
v 0.095127 0.133882 1.202594
v -0.067987 -0.003819 0.782233
v -0.718985 0.258650 1.576533
v 0.794502 0.224941 1.476533
v -0.297392 0.042222 0.939907
v -0.193747 -0.124811 0.743061
v 0.170331 0.000771 0.789227
v -0.367110 -0.012444 0.796443
v 0.294968 -0.108356 0.880605
v -0.779181 0.214557 1.445437
v -0.345336 -0.128413 0.742907
v 0.632150 0.235767 1.508907
v 0.018364 -0.118533 0.854772
v -0.139484 -0.010018 0.789123
v 0.375064 0.056972 0.972319
v 0.527384 -0.096990 0.886767
v 0.414579 0.181050 1.343447
v 0.003659 0.039330 0.936604
v -0.390956 0.004682 0.799080
v 0.145541 0.078368 1.042198
v 0.383179 -0.118224 0.858590
v 0.492720 -0.043648 0.859532
v 0.588964 0.252630 1.558394
v 0.181568 0.009556 0.815465
v -0.209950 -0.116983 0.793318
v 0.454744 0.113965 1.144122
v -0.402469 -0.122490 0.746609
v 0.797386 0.224941 1.476533
v 0.134783 -0.126134 0.738063
v 0.515201 0.148242 1.244260
v -0.248777 0.056972 0.972319
v -0.300199 -0.051295 0.861076
v 0.305266 -0.033362 0.854077
v -0.058079 0.085044 1.062011
v 0.473550 0.266372 1.595117
v -0.107624 -0.116946 0.867773
v 0.522168 0.272094 1.610544
v 0.346831 -0.047028 0.859938
v 0.356058 -0.126134 0.738063
v -0.207821 -0.092653 0.886701
v 0.269626 -0.048718 0.860117
v -0.418466 0.040290 0.937657
v -0.382301 0.110812 1.134713
v -0.121151 0.055843 0.969205
v -0.622340 0.113965 1.144122
v 0.256765 -0.009225 0.787209
v -0.231035 0.086378 1.065673
v -0.227305 -0.125959 0.741275
v -0.049374 0.009556 0.815466
v -0.351202 -0.110770 0.879293
v 0.960311 0.286324 1.647167
v 0.438576 -0.082555 0.880591
v -0.233601 -0.025409 0.839323
v -0.305312 -0.113744 0.875741
v -0.287248 0.006279 0.803666
v 0.510823 0.023456 0.889597
v 0.224152 -0.120983 0.760039
v 0.587759 0.056972 0.972319
v 0.021856 -0.119078 0.771744
v -0.442361 -0.116946 0.867773
v 0.415251 0.161835 1.284643
v -0.523045 -0.067407 0.873733
v -0.022523 -0.123511 0.743972
v 0.141417 0.007900 0.809000
v 0.165719 0.044192 0.942754
v 0.326915 -0.053924 0.862785
v 0.432543 -0.011627 0.793771
v 0.267086 -0.101130 0.885102
v -0.637759 0.104658 1.116350
v -0.111756 0.000771 0.789227
v 0.319664 -0.025409 0.839323
v 0.326724 0.071720 1.020015
v -0.656006 0.110812 1.134713
v 0.207993 0.222337 1.468858
v 0.007439 -0.119020 0.846363
v -0.323936 -0.094409 0.886927
v 0.426523 -0.099493 0.885921
v -0.027676 -0.089949 0.885648
v -0.354450 -0.003819 0.782233
v -0.503920 0.217182 1.453561
v 0.127435 -0.032483 0.852897
v 0.398859 -0.056618 0.865322
v -0.253358 -0.015786 0.808221
v 0.152949 0.004682 0.799080
v -0.369011 0.152018 1.255373
v 0.638824 0.157842 1.272677
v -0.079542 0.157842 1.272677
v 0.331840 0.113965 1.144122
v 0.247506 -0.053037 0.862063
v 0.753574 0.206782 1.421105
v -0.540496 -0.102746 0.884133
v 0.203561 -0.086255 0.883248
v -0.310994 -0.007660 0.784380
v 0.276358 0.209362 1.429247
v -0.158567 -0.041110 0.859114
v 0.462908 -0.124071 0.742975
v 0.357978 0.152018 1.255373
v 0.006976 -0.011627 0.793770
v 0.205521 0.133882 1.202593
v 0.449553 -0.060223 0.868571
v 0.490644 -0.040258 0.858837
v 0.549371 0.249714 1.549742
v -0.428500 -0.117859 0.862052
v 0.071021 0.045195 0.944488
v -0.713529 0.246875 1.541464
v -0.160314 -0.085329 0.882590
v -0.371542 0.093150 1.083929
v 0.155265 0.263950 1.589911
v 0.147448 -0.116861 0.803122
v 0.066214 0.109252 1.130044
v -0.051346 -0.023636 0.834581
v 0.446200 0.172308 1.316739
v 0.100340 0.077028 1.037856
v -0.511564 -0.105930 0.881888
v -0.149142 0.059275 0.978986
v 0.470164 -0.014938 0.805097
v -0.434736 -0.059321 0.867778
v 0.398990 -0.098666 0.886260
v 0.329401 -0.024521 0.836989
v -0.468194 -0.122169 0.749110
v -0.150985 0.047241 0.948520
v 0.113818 0.000000 0.787501
v -0.567246 0.045195 0.944488
v -0.523592 -0.041955 0.859229
v -0.055798 -0.006115 0.782695
v 0.389872 -0.035975 0.856714
v 0.284324 -0.116983 0.793318
v -0.482682 -0.112312 0.877916
v -0.681644 0.192259 1.376733
v 0.432557 -0.021871 0.829473
v -0.307690 0.034490 0.929423
v -0.215830 0.045195 0.944488
v -0.306443 -0.091760 0.886434
v 0.242506 -0.096136 0.886878
v -0.548252 0.073034 1.024472
v 0.235382 -0.066521 0.873301
v -0.289448 -0.041110 0.859114
v -0.196076 -0.038545 0.858042
v -0.135446 -0.120562 0.762069
v -0.092097 -0.130531 0.742579
v 0.241021 -0.002295 0.783510
v -0.228061 -0.088115 0.884601
v 0.180381 -0.122921 0.744799
v -0.364147 0.053634 0.963532
v -0.504831 -0.092653 0.886701
v 0.645344 0.087717 1.069307
v 0.386557 -0.113744 0.875741
v -0.437996 -0.104326 0.882889
v 0.391263 0.107707 1.125431
v 0.204323 -0.097832 0.886552
v -0.302689 0.194586 1.383720
v -0.484404 0.094544 1.087784
v -0.410635 -0.119457 0.764528
v 0.628227 0.280799 1.624507
v 0.164264 0.050399 0.955715
v -0.347263 0.054732 0.966298
v 0.282949 0.014763 0.839826
v 0.373557 -0.061127 0.869368
v 0.328098 -0.120054 0.763574
v 0.220870 -0.023636 0.834581
v 0.386408 -0.117859 0.862052
v -0.761414 0.163880 1.290874
v 0.252156 0.003891 0.796936
v -0.443841 0.052548 0.960874
v -0.456951 -0.083473 0.881202
v -0.244139 -0.076240 0.877189
v -0.409749 -0.009225 0.787209
v 0.294302 -0.118224 0.858590
v -0.542288 0.137348 1.212451
v 0.490849 -0.076240 0.877189
v -0.168065 -0.119078 0.771744
v -0.309958 0.082381 1.054475
v -0.414230 0.118837 1.158940
v 0.218687 0.079708 1.046429
v 0.396903 -0.072709 0.875924
v -0.431194 0.021431 0.877818
v 0.049222 0.097373 1.095718
v -0.471969 -0.103540 0.883541
v 0.163202 -0.001532 0.784596
v 0.410803 -0.081645 0.880047
v -0.201018 -0.072709 0.875924
v -0.112757 0.098797 1.099650
v 0.594279 0.258650 1.576533
v 0.512701 -0.059321 0.867778
v -0.365972 -0.031607 0.851717
v -0.214268 0.003105 0.794965
v -0.017598 0.010399 0.819095
v 0.000904 0.032535 0.925427
v 0.217301 0.118837 1.158940
v -0.259198 0.094544 1.087784
v 0.482411 -0.117434 0.865129
v -0.267340 -0.121518 0.754150
v -0.254423 0.081046 1.050523
v 0.457603 0.051469 0.958253
v 0.095863 -0.119080 0.766903
v 0.299626 -0.003057 0.782697
v -0.367912 0.077028 1.037856
v 0.197837 -0.053037 0.862063
v 0.481236 -0.067407 0.873733
v -0.708982 0.128800 1.188212
v -0.448580 -0.118224 0.858590
v 0.120466 -0.070058 0.874872
v 0.166225 0.244095 1.533459
v -0.283192 -0.117740 0.788014
v -0.566523 0.050399 0.955715
v 0.005070 0.019436 0.865328
v -0.922363 0.277343 1.622851
v 0.204920 -0.047871 0.859992
v -0.470115 -0.097832 0.886552
v -0.459612 -0.040258 0.858837
v 0.609439 0.201774 1.405552
v 0.020251 -0.021871 0.829473
v -0.595099 0.066557 1.002271
v -0.161215 0.067828 1.006614
v 0.150463 0.241337 1.525490
v -0.661578 0.093150 1.083929
v 0.063317 0.012988 0.831242
v 0.868156 0.209362 1.429246
v -0.032081 -0.122491 0.746609
v -0.395414 -0.035111 0.856034
v -0.419881 -0.001532 0.784596
v 0.114460 0.040290 0.937658
v -0.154964 -0.126134 0.738063
v 0.235239 -0.004583 0.782094
v 0.121298 0.219763 1.461279
v -0.149552 -0.125595 0.743406
v -0.194924 -0.049571 0.860353
v 0.376517 -0.055718 0.864470
v -0.325120 0.153940 1.261073
v -0.348937 0.209362 1.429246
v 0.293505 0.059275 0.978986
v -0.242708 0.127133 1.183489
v 0.200061 0.093150 1.083929
v -0.517450 0.272094 1.610544
v -0.251710 -0.067407 0.873733
v -0.048108 -0.119123 0.781939
v -0.289991 -0.002295 0.783510
v -0.122638 0.009556 0.815466
v 0.089395 0.037400 0.934086
v 0.021675 -0.128607 0.739849
v 0.406290 0.043203 0.941269
v -0.674671 0.122149 1.168973
v -0.103712 0.085044 1.062011
v 0.233820 -0.125959 0.741275
v -0.414090 -0.119020 0.846363
v 0.412030 -0.116388 0.869936
v 0.276036 -0.017501 0.814584
v -0.572470 0.097373 1.095718
v 0.410009 0.183251 1.349996
v -0.429980 0.187700 1.363157
v 0.446183 0.157842 1.272677
v -0.257717 -0.028085 0.845842
v 0.038626 0.001545 0.791065
v -0.358890 0.042222 0.939907
v -0.059998 -0.026301 0.841617
v -0.457537 0.106175 1.120857
v -0.222533 -0.128607 0.739849
v 0.187956 -0.041955 0.859229
v 0.503839 -0.060223 0.868571
v 0.406478 -0.015786 0.808221
v -0.262084 0.032535 0.925427
v -0.432829 -0.072709 0.875924
v 0.152650 -0.054819 0.863609
v -0.520666 -0.024521 0.836989
v -0.519025 -0.071826 0.875588
v -0.251657 -0.080736 0.879510
v -0.459953 -0.064734 0.872207
v 0.186928 0.266372 1.595117
v 0.431376 0.018464 0.859395
v 0.135233 -0.010819 0.791305
v 0.162381 0.241337 1.525490
v -0.611166 0.246875 1.541464
v -0.277791 0.005478 0.801290
v 0.542509 -0.088115 0.884601
v 0.433388 -0.003057 0.782697
v 0.917306 0.232990 1.500514
v -0.388926 -0.120983 0.760039
v 0.244587 -0.022752 0.832084
v 0.464017 -0.041955 0.859229
v 0.080428 0.286324 1.647167
v 0.464320 0.056972 0.972319
v -0.083041 0.054732 0.966298
v -0.060457 -0.017501 0.814584
v 0.457483 0.028537 0.913182
v -0.422645 0.013871 0.835498
v -0.405703 0.026517 0.905098
v -0.136208 0.249714 1.549742
v -0.340120 -0.046189 0.859959
v 0.354414 -0.069175 0.874507
v -0.094514 -0.120562 0.762069
v 0.235893 0.112383 1.139407
v 0.103628 0.016581 0.848924
v -0.244596 0.115566 1.148926
v -0.235105 0.078368 1.042198
v 0.525877 0.241337 1.525490
v -0.489419 -0.060223 0.868571
v 0.405852 -0.008439 0.785619
v -0.433618 -0.117323 0.811745
v -0.075437 0.089058 1.072884
v 0.175635 0.161835 1.284643
v -0.202333 0.120491 1.163985
v -0.325424 -0.118684 0.784082
v 0.200135 -0.128607 0.739849
v -0.064272 -0.002295 0.783510
v -0.184466 -0.069175 0.874507
v -0.430336 0.021431 0.877818
v 0.202393 -0.046189 0.859959
v 0.463209 0.000771 0.789227
v -0.624902 0.097373 1.095718
v 0.347819 0.115566 1.148926
v 0.487321 0.249714 1.549742
v 0.340108 0.075692 1.033444
v 0.628069 0.249714 1.549742
v -0.711201 0.122148 1.168972
v -0.378268 0.008723 0.812047
v 0.486419 0.033515 0.927548
v -0.849683 0.261560 1.584837
v -0.231228 -0.031607 0.851717
v -0.100346 -0.007660 0.784380
v 0.641011 0.170168 1.310169
v 0.036330 0.059275 0.978986
v -0.369828 0.113965 1.144122
v 0.323215 0.064061 0.993910
v -0.770290 0.222337 1.468858
v -0.320547 0.074359 1.028967
v -0.272270 -0.080736 0.879510
v 0.213463 -0.118775 0.850531
v 0.250508 0.109252 1.130044
v -0.167622 -0.128607 0.739849
v -0.394725 0.087717 1.069307
v -0.458632 0.106175 1.120857
v 0.424120 0.005478 0.801290
v -0.222142 -0.034240 0.855162
v 0.102477 0.104658 1.116350
v 0.708402 0.148242 1.244260
v -0.560910 0.224941 1.476533
v 0.039728 0.109252 1.130044
v 0.494801 0.115566 1.148926
v -0.262793 0.035463 0.931144
v -0.094087 0.022443 0.883900
v -0.333029 0.100232 1.103629
v 0.236039 -0.113744 0.875740
v 0.204358 -0.027193 0.843801
v 0.432194 -0.059321 0.867778
v 0.375741 -0.040258 0.858837
v 0.356077 0.000771 0.789227
v -0.246747 -0.014100 0.802123
v -0.171452 0.107707 1.125431
v -0.395686 0.252630 1.558394
v -0.398094 0.008723 0.812047
v -0.091221 0.107707 1.125431
v -0.429414 -0.083473 0.881202
v -0.130531 0.087717 1.069307
v 0.278281 0.135603 1.207458
v -0.844116 0.189960 1.369849
v -0.386385 -0.021871 0.829473
v 0.518361 0.045195 0.944488
v 0.611835 0.083714 1.058309
v -0.257074 0.094544 1.087784
v -0.712110 0.204249 1.413179
v -0.264769 -0.117323 0.811745
v 0.308058 0.069116 1.011061
v -0.666868 0.127133 1.183489
v -0.017512 0.017512 0.853928
v 0.390429 -0.111551 0.878680
v -0.170892 0.185464 1.356537
v -0.358707 0.209362 1.429247
v -0.440886 -0.047028 0.859938
v 0.440273 0.083714 1.058309
v -0.559283 0.206782 1.421105
v -0.387553 -0.068291 0.874129
v 0.044401 -0.020989 0.826659
v 0.059858 0.125473 1.178751
v 0.113180 0.014763 0.839826
v 0.123255 -0.055718 0.864470
v -0.151980 0.010399 0.819095
v 0.137349 0.159824 1.278594
v 0.263780 -0.119078 0.771744
v 0.483968 -0.071826 0.875588
v 0.126693 -0.024521 0.836989
v -0.512766 -0.087188 0.883961
v -0.197575 0.010399 0.819095
v -0.457491 -0.006885 0.783397
v -0.425745 -0.076240 0.877189
v 0.567183 0.075692 1.033444
v 0.080826 0.277343 1.622851
v -0.264238 -0.055718 0.864470
v -0.096189 0.230270 1.492383
v -0.483186 -0.103540 0.883541
v 0.532197 0.045195 0.944488
v -0.097874 -0.094409 0.886927
v -0.393788 -0.117364 0.790664
v -0.275730 -0.105122 0.882337
v -0.050198 -0.035975 0.856714
v 0.061092 0.030546 0.919979
v -0.593907 0.049337 0.953230
v 0.510658 0.222337 1.468858
v -0.800594 0.217182 1.453561
v -0.075994 -0.028085 0.845842
v 0.109333 0.013871 0.835498
v 0.076537 -0.108356 0.880605
v 0.020707 -0.121286 0.757295
v -0.365809 0.230270 1.492383
v 0.073519 0.034490 0.929423
v -0.027389 -0.126134 0.738063
v -0.503147 0.266372 1.595117
v -0.302302 -0.045345 0.859882
v 0.434997 0.157842 1.272677
v -0.596550 0.211951 1.437336
v 0.341631 -0.043648 0.859532
v -0.156071 -0.041955 0.859229
v -0.574408 0.127133 1.183489
v -0.301207 -0.073590 0.876238
v -0.172915 -0.123511 0.743972
v -0.336513 0.139124 1.217629
v 0.475185 0.079708 1.046429
v -0.147576 0.045195 0.944488
v 0.309608 -0.052162 0.861518
v 0.107369 -0.020989 0.826659
v 0.125396 -0.035111 0.856034
v 0.402266 -0.046189 0.859959
v -0.358136 0.044192 0.942754
v -0.254230 -0.116946 0.867773
v -0.027536 -0.120562 0.762069
v 0.085141 0.209362 1.429247
v -0.323408 -0.022752 0.832084
v -0.065922 -0.027193 0.843801
v -0.527448 -0.093538 0.886874
v 0.037810 0.079708 1.046429
v 0.100195 0.183251 1.349996
v -0.164992 -0.118180 0.785820
v -0.094056 -0.047028 0.859938
v -0.306968 0.091774 1.080190
v -0.397462 -0.006115 0.782695
v 0.050059 -0.128413 0.742907
v -0.302313 -0.034240 0.855162
v 0.294736 -0.117740 0.788014
v 0.064306 -0.130804 0.748285
v -0.041243 -0.121518 0.754150
v 0.546070 -0.082555 0.880591
v -0.092121 0.170168 1.310169
v 0.420532 -0.007660 0.784380
v -0.400990 -0.023636 0.834581
v 0.036894 0.045195 0.944488
v 0.316797 -0.119080 0.766903
v 0.127690 0.082381 1.054475
v -0.403543 0.132175 1.197764
v 0.358072 -0.110770 0.879293
v 0.486669 0.109252 1.130044
v -0.260295 -0.085329 0.882590
v -0.385526 -0.083473 0.881202
v -0.075633 0.219763 1.461279
v -0.178685 0.280791 1.633695
v -0.015580 -0.118900 0.839682
v -0.418253 0.058117 0.975607
v -0.359624 0.201774 1.405552
v -0.862189 0.286324 1.647167
v -0.227216 -0.006885 0.783397
v -0.040830 -0.122490 0.746609
v 0.128695 0.091774 1.080190
v 0.274729 -0.105930 0.881888
v -0.044671 0.280791 1.633695
v -0.664226 0.146396 1.238920
v -0.305473 -0.000768 0.785942
v -0.536726 0.100232 1.103629
v -0.512596 0.130479 1.192951
v 0.138521 0.148242 1.244260
v 0.331071 0.219763 1.461280
v -0.264407 0.053634 0.963532
v 0.710553 0.206782 1.421105
v -0.297741 -0.057518 0.866154
v 0.344906 -0.116946 0.867773
v -0.132515 0.034490 0.929423
v 0.406187 -0.033362 0.854077
v -0.188430 -0.101130 0.885101
v 0.488171 -0.078931 0.878536
v -0.494537 -0.014938 0.805097
v 0.226095 -0.050430 0.860674
v 0.354243 -0.085329 0.882590
v 0.360198 0.144561 1.233588
v -0.506712 0.094544 1.087784
v -0.493154 0.028537 0.913182
v 0.239101 -0.003819 0.782233
v -0.605944 0.058117 0.975607
v 0.273437 0.058117 0.975607
v -0.514364 0.174470 1.323389
v 0.064955 -0.119457 0.764528
v -0.355580 -0.099493 0.885921
v -0.265755 -0.039402 0.858464
v 0.159140 0.001545 0.791065
v 0.460947 0.227575 1.484308
v -0.249390 -0.108356 0.880605
v 0.540919 0.142726 1.228162
v -0.362121 -0.008439 0.785619
v 0.352260 -0.118533 0.854772
v 0.325672 -0.077133 0.877600
v -0.505652 -0.082555 0.880591
v -0.702425 0.170168 1.310169
v -0.040258 -0.040258 0.858837
v 0.251232 0.007900 0.809000
v 0.431878 0.093150 1.083929
v -0.160732 -0.036835 0.857239
v 0.315390 -0.028973 0.847664
v -0.260134 -0.053037 0.862063
v -0.438661 -0.014100 0.802123
v -0.533335 -0.089033 0.885146
v 0.156943 -0.028085 0.845842
v -0.233473 0.135603 1.207458
v 0.528334 -0.048718 0.860117
v 0.105468 0.115566 1.148926
v 0.024377 -0.022752 0.832084
v -0.123511 -0.123511 0.743972
v -0.493493 -0.014100 0.802123
v -0.118307 0.019436 0.865328
v 0.699557 0.261560 1.584837
v 0.306739 -0.013269 0.799239
v -0.113242 -0.002295 0.783510
v 0.341082 0.029543 0.916713
v 0.263645 -0.074471 0.876534
v -0.467352 0.003105 0.794965
v -0.391950 0.010399 0.819095
v 0.447758 0.244095 1.533459
v -0.261859 -0.059321 0.867778
v -0.116805 -0.128413 0.742907
v -0.344683 -0.088115 0.884601
v 0.147602 -0.009225 0.787209
v -0.008591 0.098797 1.099650
v 0.295179 0.028537 0.913182
v -0.048196 0.089058 1.072884
v -0.116438 0.093150 1.083929
v -0.371937 -0.119020 0.846363
v 0.547311 0.023456 0.889597
v 0.279648 -0.047028 0.859938
v 0.209501 -0.118180 0.785820
v -0.263304 -0.030733 0.850548
v 0.298177 0.039330 0.936604
v -0.391287 -0.111551 0.878679
v -0.118572 0.074359 1.028967
v -0.198526 -0.081645 0.880047
v 0.155637 -0.057518 0.866154
v 0.711381 0.170168 1.310169
v -0.490235 -0.094409 0.886927
v 0.528354 0.196944 1.390834
v -0.399191 0.035463 0.931144
v -0.282065 -0.112312 0.877916
v -0.167899 -0.076240 0.877189
v 0.369444 -0.012444 0.796443
v -0.450397 0.286324 1.647167
v 0.280792 -0.124071 0.742975
v 0.182786 -0.118224 0.858590
v -0.519639 0.244095 1.533459
v -0.444286 -0.063834 0.871549
v 0.205748 -0.021871 0.829473
v 0.667162 0.217182 1.453561
v -0.263747 -0.048718 0.860117
v 0.147597 -0.010819 0.791305
v 0.164916 -0.032483 0.852897
v 0.069663 -0.021871 0.829473
v 0.384568 -0.079832 0.879012
v 0.003974 0.185464 1.356537
v -0.519533 0.174470 1.323389
v -0.452118 -0.095274 0.886913
v 0.449052 0.192259 1.376734
v 0.183118 -0.117323 0.811745
v -0.526577 -0.047871 0.859992
v -0.516324 0.019436 0.865328
v -0.238362 0.161835 1.284643
v 0.440514 -0.077133 0.877600
v 0.337525 -0.065630 0.872791
v 0.099379 -0.034240 0.855162
v 0.481291 0.031545 0.922925
v 0.505435 -0.065630 0.872791
v -0.898335 0.211951 1.437336
v 0.726826 0.181051 1.343447
v -0.451821 -0.118900 0.839682
v 0.447316 -0.122921 0.744799
v 0.409701 0.163880 1.290874
v -0.174848 -0.119078 0.771744
v -0.020293 -0.013269 0.799239
v -0.250005 0.091774 1.080190
v -0.396363 0.103163 1.111988
v -0.544052 0.087717 1.069307
v 0.809374 0.187700 1.363157
v 0.121793 -0.007660 0.784380
v -0.428182 -0.113040 0.876917
v 0.390709 -0.120562 0.762069
v 0.267935 -0.053924 0.862786
v -0.498095 -0.048718 0.860117
v 0.364380 -0.003819 0.782233
v 0.528734 0.061638 0.986200
v 0.219604 -0.018367 0.817725
v 0.374250 0.148242 1.244260
v -0.420685 -0.015786 0.808221
v -0.033956 0.196944 1.390834
v -0.892216 0.222337 1.468858
v -0.014512 -0.068291 0.874129
v -0.523437 0.020427 0.871544
v 0.922538 0.230270 1.492383
v 0.520530 0.142726 1.228162
v -0.809221 0.274473 1.615286
v 0.381113 0.255606 1.567310
v -0.275590 -0.101942 0.884652
v -0.261934 -0.062932 0.870845
v 0.186452 -0.128413 0.742907
v 0.124273 -0.117859 0.821001
v -0.045821 0.071720 1.020015
v 0.232348 -0.083473 0.881202
v -0.483486 0.021431 0.877818
v 0.483328 0.199339 1.398101
v -0.096111 0.012115 0.827043
v -0.229528 0.036433 0.932684
v -0.298144 0.249714 1.549742
v 0.244208 -0.128607 0.739849
v -0.445490 0.013871 0.835498
v 0.316803 -0.029856 0.849232
v -0.358231 0.058117 0.975607
v 0.614835 0.252630 1.558394
v -0.692481 0.263950 1.589911
v 0.095029 -0.018367 0.817725
v -0.414942 0.093150 1.083929
v -0.470917 -0.038545 0.858042
v 0.549748 0.238570 1.517363
v -0.192497 0.005478 0.801290
v -0.319606 -0.109972 0.879777
v 0.254160 0.001545 0.791065
v -0.222543 -0.047028 0.859938
v -0.507403 0.043203 0.941269
v -0.097418 0.176651 1.330075
v -0.380141 -0.065630 0.872791
v 0.350105 0.120491 1.163985
v -0.285315 0.000000 0.787501
v -0.257680 -0.117434 0.865129
v 0.306848 0.000000 0.787501
v 0.524079 -0.058419 0.866974
v 0.478912 0.091774 1.080190
v -0.827392 0.199339 1.398101
v -0.533642 -0.078931 0.878536
v -0.610792 0.172308 1.316739
v -0.282071 0.181051 1.343447
v -0.353816 0.001545 0.791065
v -0.229275 -0.047871 0.859992
v 0.236291 -0.051295 0.861076
v 0.156457 -0.089033 0.885147
v -0.189486 -0.118533 0.854772
v 0.490702 0.112383 1.139407
v -0.188979 -0.059321 0.867778
v -0.064075 0.130479 1.192951
v 0.442571 -0.093538 0.886874
v 0.177469 -0.112312 0.877916
v 0.333654 -0.061127 0.869368
v -0.114534 0.069116 1.011061
v 0.151576 0.034490 0.929423
v 0.448323 -0.098666 0.886260
v -0.587411 0.098797 1.099650
v -0.456031 -0.047871 0.859992
v 0.023541 0.097373 1.095718
v -0.501610 -0.074471 0.876534
v 0.118223 0.049337 0.953230
v 0.316167 -0.120054 0.763574
v 0.246166 0.030546 0.919979
v -0.090143 -0.005347 0.782259
v -0.357930 0.106175 1.120857
v 0.544318 0.150115 1.249735
v -0.218560 -0.119078 0.771744
v 0.165864 -0.003057 0.782697
v 0.374307 0.018464 0.859395
v 0.421859 -0.122921 0.744799
v 0.050576 -0.128607 0.739849
v -0.165062 0.023456 0.889597
v -0.149102 0.112383 1.139407
v 0.499996 0.153940 1.261073
v 0.167938 -0.105930 0.881888
v -0.377851 -0.022752 0.832084
v -0.611818 0.272094 1.610544
v -0.512374 0.263950 1.589911
v -0.524124 -0.089949 0.885648
v 0.518068 -0.032483 0.852896
v -0.431927 0.035463 0.931144
v 0.429752 -0.084400 0.881897
v 0.245776 -0.113040 0.876917
v -0.401717 0.217182 1.453561
v -0.071826 0.064061 0.993910
v 0.436024 -0.076240 0.877189
v -0.088993 -0.044497 0.859710
v 0.213439 -0.125595 0.743406
v 0.198961 -0.035111 0.856034
v -0.065799 -0.014100 0.802123
v -0.360774 -0.006115 0.782695
v -0.038153 0.012988 0.831242
v 0.271108 0.222337 1.468858
v 0.417623 0.232990 1.500514
v 0.009223 -0.118224 0.858590
v 0.531780 -0.096136 0.886878
v -0.134965 0.033515 0.927548
v -0.500732 0.079708 1.046429
v -0.508559 -0.070942 0.875234
v 0.536339 0.059275 0.978986
v -0.166230 0.123813 1.173926
v 0.042030 0.008723 0.812047
v -0.372355 0.118837 1.158940
v 0.056888 -0.009225 0.787209
v 0.186504 0.004682 0.799080
v -0.218309 -0.007660 0.784380
v 0.124291 -0.046189 0.859959
v 0.298997 -0.037689 0.857627
v -0.401210 0.062840 0.989975
v -0.240184 -0.046189 0.859959
v -0.380925 -0.051295 0.861076
v -0.490876 0.008723 0.812047
v 0.226216 -0.062932 0.870845
v -0.330574 -0.123511 0.743972
v 0.244322 -0.121794 0.751307
v 0.304326 -0.122169 0.749110
v -0.199681 0.034490 0.929423
v -0.410197 0.056972 0.972319
v -0.422960 0.022443 0.883900
v 0.171761 -0.116861 0.803122
v 0.716339 0.161835 1.284643
v 0.194936 -0.086255 0.883248
v 0.530133 -0.060223 0.868571
v 0.479074 -0.100312 0.885509
v 0.235736 0.163880 1.290874
v -0.010810 0.194586 1.383720
v -0.541229 0.023456 0.889597
v -0.415756 -0.101130 0.885101
v 0.506009 -0.062932 0.870845
v 0.504374 0.027527 0.909294
v 0.009365 -0.115782 0.871771
v -0.172621 -0.008439 0.785619
v 0.184072 -0.032483 0.852897
v -0.398556 0.135603 1.207458
v 0.440999 -0.012444 0.796443
v 0.134942 0.054732 0.966298
v 0.414586 -0.122921 0.744799
v 0.270280 -0.027193 0.843800
v 0.546109 0.027527 0.909294
v -0.214401 -0.116946 0.867773
v 0.478217 -0.002295 0.783510
v 0.402907 -0.126134 0.738063
v -0.466314 -0.118684 0.784082
v 0.116634 0.097373 1.095718
v 0.139126 0.035463 0.931144
v 0.460916 -0.020110 0.823696
v -0.496017 0.087717 1.069307
v 0.256011 0.086378 1.065673
v 0.157842 0.157842 1.272677
v -0.531197 -0.050430 0.860674
v -0.091056 0.003891 0.796936
v -0.406348 0.010399 0.819095
v 0.037926 0.015665 0.844275
v 0.533642 -0.078931 0.878536
v -0.230929 -0.008439 0.785619
v 0.545629 0.280791 1.633695
v 0.367144 -0.088115 0.884601
v -0.444964 0.127133 1.183489
v 0.463389 0.209362 1.429247
v 0.557503 0.065302 0.998048
v -0.395670 -0.119078 0.771744
v -0.443361 -0.014100 0.802123
v -0.204015 -0.029856 0.849232
v -0.210861 0.222337 1.468858
v -0.354520 0.209362 1.429247
v 0.356930 -0.047871 0.859992
v 0.110334 0.005478 0.801290
v -0.493017 -0.052162 0.861518
v 0.456105 -0.112312 0.877916
v 0.392876 -0.006115 0.782695
v -0.219378 -0.119178 0.777312
v 0.019015 0.196944 1.390834
v -0.283089 -0.056618 0.865322
v -0.023069 -0.017501 0.814584
v 0.138562 0.258650 1.576533
v 0.223924 -0.078931 0.878536
v -0.594183 0.112383 1.139407
v 0.353006 -0.080736 0.879510
v -0.453794 -0.060223 0.868571
v 0.444424 -0.120054 0.763574
v 0.187239 0.007900 0.809000
v 0.875057 0.286324 1.647167
v 0.376308 -0.120983 0.760039
v -0.335930 -0.109972 0.879777
v -0.293048 -0.085329 0.882590
v 0.290280 -0.075353 0.876834
v 0.145102 0.187700 1.363157
v 0.635936 0.269411 1.603937
v -0.689874 0.217182 1.453561
v -0.365643 0.101688 1.107747
v -0.299263 -0.082555 0.880591
v -0.467107 0.054732 0.966298
v -0.078905 0.128800 1.188212
v -0.039487 0.061638 0.986200
v 0.098359 0.280799 1.624507
v 0.594146 0.130479 1.192951
v -0.422204 -0.014938 0.805097
v -0.476348 -0.093538 0.886874
v 0.219479 -0.112312 0.877916
v -0.530851 0.075692 1.033444
v -0.273664 -0.120054 0.763574
v -0.175322 -0.081645 0.880047
v 0.390186 -0.087188 0.883961
v 0.117058 0.060448 0.982520
v 0.637573 0.095956 1.091763
v -0.026831 -0.130531 0.742579
v -0.104188 0.012115 0.827043
v 0.085146 0.033515 0.927548
v -0.189325 -0.061127 0.869368
v -0.180073 -0.117740 0.788014
v 0.630290 0.073034 1.024472
v -0.446360 0.211951 1.437336
v 0.312311 -0.030733 0.850548
v 0.050460 0.090408 1.076489
v 0.070646 0.075692 1.033444
v 0.250543 -0.013269 0.799239
v -0.197655 0.060448 0.982520
v 0.278716 -0.022752 0.832084
v -0.376381 -0.118900 0.839682
v 0.334359 -0.121518 0.754150
v 0.267820 -0.044497 0.859710
v -0.260797 0.238570 1.517363
v 0.103895 -0.123511 0.743972
v 0.349934 0.025498 0.900332
v -0.085210 0.009556 0.815466
v -0.430920 0.211951 1.437336
v -0.047670 -0.026301 0.841617
v 0.185206 -0.117859 0.821001
v 0.456360 0.053634 0.963532
v -0.325540 -0.054819 0.863609
v -0.377926 -0.047871 0.859992
v 0.166629 -0.003057 0.782697
v -0.186980 -0.105122 0.882337
v -0.253630 -0.047871 0.859992
v 0.343669 -0.077133 0.877600
v -0.679118 0.196944 1.390834
v -0.050084 -0.118533 0.854772
v 0.445002 0.227575 1.484308
v 0.481559 0.113965 1.144122
v 0.330781 -0.092653 0.886701
v 0.428649 0.187700 1.363157
v -0.130033 0.035463 0.931144
v 0.340777 0.135603 1.207458
v 0.312527 0.012988 0.831242
v 0.402573 -0.070942 0.875234
v -0.560999 0.037400 0.934086
v 0.117585 0.010399 0.819095
v 0.341130 0.065302 0.998048
v -0.512517 -0.115124 0.873240
v -0.579132 0.280791 1.633695
v 0.041104 0.133882 1.202594
v 0.542577 -0.062932 0.870845
v 0.383073 0.097373 1.095718
v 0.164695 0.165962 1.297288
v -0.250015 -0.109972 0.879777
v -0.324098 0.059275 0.978986
v 0.015025 0.127133 1.183489
v 0.833474 0.227575 1.484308
v 0.373139 0.012115 0.827043
v 0.806680 0.192259 1.376734
v 0.152259 0.008723 0.812047
v 0.095646 -0.119178 0.777312
v 0.474802 -0.117859 0.862052
v 0.326013 -0.100312 0.885509
v -0.352514 0.058117 0.975607
v -0.697830 0.130479 1.192951
v 0.466158 0.017512 0.853928
v 0.134020 0.008723 0.812047
v 0.360884 0.148242 1.244260
v -0.446372 0.007900 0.809000
v -0.337752 -0.081645 0.880047
v -0.444657 -0.102746 0.884133
v 0.140182 0.062840 0.989975
v -0.100502 -0.118775 0.850531
v -0.160459 -0.011627 0.793770
v 0.274182 0.047241 0.948520
v -0.335051 -0.122169 0.749110
v -0.337116 -0.089033 0.885146
v 0.435100 0.074359 1.028967
v 0.908496 0.261560 1.584837
v 0.186951 0.001545 0.791065
v 0.308985 0.009556 0.815465
v -0.539418 0.219763 1.461279
v 0.353999 0.087717 1.069307
v 0.566389 0.152018 1.255373
v -0.463617 0.032535 0.925427
v -0.012253 -0.126134 0.738063
v 0.120010 -0.042801 0.859372
v 0.228628 -0.075353 0.876834
v 0.118331 -0.078030 0.878052
v 0.244237 -0.093538 0.886874
v -0.309029 -0.058419 0.866974
v -0.061326 -0.014938 0.805097
v -0.489352 -0.015786 0.808221
v 0.149572 -0.056618 0.865322
v 0.493741 0.022443 0.883900
v -0.166783 0.017512 0.853928
v -0.250896 -0.099493 0.885921
v 0.247535 0.153940 1.261073
v -0.396748 -0.019236 0.820747
v 0.217225 -0.113744 0.875741
v -0.415876 0.025498 0.900332
v 0.436955 -0.064734 0.872207
v 0.634129 0.183251 1.349996
v 0.445312 -0.060223 0.868571
v -0.602543 0.109252 1.130044
v 0.336594 -0.043648 0.859532
v -0.063038 -0.009225 0.787209
v -0.620237 0.135603 1.207458
v 0.459035 -0.130531 0.742579
v 0.232937 -0.028085 0.845842
v 0.042933 0.128800 1.188212
v -0.034113 0.065302 0.998048
v 0.201005 0.047241 0.948520
v -0.251191 0.206782 1.421105
v 0.131158 0.021431 0.877818
v 0.166533 0.008723 0.812047
v 0.256805 -0.042801 0.859372
v -0.003764 0.161835 1.284643
v -0.277177 0.033515 0.927548
v 0.476543 0.025498 0.900332
v -0.138580 0.133882 1.202594
v -0.008374 0.209362 1.429247
v 0.293952 0.204249 1.413179
v 0.251153 0.007086 0.806208
v -0.434181 0.022443 0.883900
v 0.314654 0.159824 1.278594
v -0.667893 0.244095 1.533459
v 0.283007 -0.047028 0.859938
v -0.451521 -0.023636 0.834581
v 0.068420 -0.009225 0.787209
v -0.403750 -0.060223 0.868571
v -0.365360 -0.006115 0.782695
v 0.830262 0.178846 1.336773
v 0.493329 -0.053037 0.862063
v 0.196051 0.019436 0.865328
v 0.153718 -0.016640 0.811376
v 0.286943 0.224941 1.476533
v 0.491185 -0.087188 0.883961
v 0.251221 0.199339 1.398101
v 0.502656 -0.099493 0.885921
v 0.384718 0.078368 1.042198
v -0.076400 -0.044497 0.859710
v 0.482980 0.012115 0.827043
v 0.267823 0.007900 0.809000
v -0.446093 -0.123511 0.743972
v -0.142083 0.053634 0.963532
v 0.103499 0.056972 0.972319
v -0.073155 -0.122169 0.749110
v -0.430938 0.075692 1.033444
v -0.522089 0.082381 1.054475
v 0.161878 -0.091760 0.886434
v 0.786716 0.255606 1.567310
v 0.281976 0.178846 1.336774
v 0.210779 0.048284 0.950828
v 0.401177 0.034490 0.929423
v 0.293600 -0.121286 0.757295
v -0.445512 0.064061 0.993910
v 0.087198 0.042222 0.939907
v -0.162463 -0.071826 0.875588
v 0.161180 -0.112312 0.877916
v -0.655806 0.217182 1.453561
v -0.321185 -0.028973 0.847664
v 0.260967 -0.066521 0.873301
v -0.065206 -0.035111 0.856034
v -0.295162 0.010399 0.819095
v 0.337427 0.113965 1.144122
v 0.237953 0.094544 1.087784
v -0.214877 0.014763 0.839826
v -0.792069 0.187700 1.363157
v 0.265737 -0.119123 0.781939
v 0.458709 -0.098666 0.886260
v 0.576314 0.217183 1.453562
v 0.124134 0.075692 1.033444
v -0.555407 0.067828 1.006614
v -0.244136 -0.117859 0.862052
v 0.130928 -0.116983 0.793318
v 0.000929 0.048284 0.950828
v 0.048772 -0.051295 0.861076
v 0.272887 0.082381 1.054475
v 0.276419 -0.118684 0.784081
v 0.516088 -0.092653 0.886701
v 0.511080 0.043203 0.941269
v -0.114890 -0.121518 0.754150
v -0.351284 -0.121286 0.757295
v -0.284624 -0.117859 0.821001
v -0.403997 -0.002295 0.783510
v 0.353072 0.034490 0.929423
v -0.030203 -0.041110 0.859114
v -0.491857 0.056972 0.972319
v 0.339183 -0.005347 0.782259
v -0.299755 -0.080736 0.879510
v 0.002433 -0.118412 0.830504
v 0.241878 0.059275 0.978986
v 0.414159 -0.078030 0.878052
v 0.125573 0.122148 1.168972
v 0.051943 0.015665 0.844275
v 0.293172 -0.119078 0.771744
v -0.323538 0.032535 0.925427
v 0.012582 0.272094 1.610544
v 0.353257 -0.041955 0.859229
v -0.298906 -0.114438 0.874514
v -0.306934 -0.033362 0.854077
v -0.181281 -0.087188 0.883961
v -0.748073 0.217182 1.453561
v -0.204321 -0.115782 0.871771
v -0.372327 -0.088115 0.884601
v -0.240280 -0.105930 0.881888
v -0.087244 -0.120054 0.763574
v -0.287950 0.004682 0.799080
v 0.093725 0.224941 1.476533
v 0.344756 -0.117859 0.821001
v -0.184761 0.043203 0.941269
v 0.408709 -0.067407 0.873733
v 0.303442 -0.126134 0.738063
v 0.122406 -0.116983 0.793318
v 0.288190 0.112383 1.139407
v 0.291149 -0.035975 0.856714
v 0.089649 0.272094 1.610544
v -0.250028 -0.062932 0.870845
v 0.665436 0.146396 1.238920
v 0.302913 -0.083473 0.881202
v -0.011904 0.040290 0.937657
v -0.165731 0.022443 0.883900
v 0.293994 0.050399 0.955715
v -0.509782 0.100232 1.103629
v -0.178032 0.112383 1.139407
v 0.144463 -0.003057 0.782697
v -0.570403 0.095956 1.091763
v -0.263675 -0.045345 0.859882
v 0.396600 0.007900 0.809000
v -0.450890 -0.116983 0.793318
v 0.391437 -0.104326 0.882889
v -0.202921 0.148242 1.244260
v -0.154266 -0.077133 0.877600
v -0.701004 0.255606 1.567309
v 0.559514 0.227575 1.484308
v -0.238703 -0.050430 0.860674
v -0.223828 0.146396 1.238920
v -0.464696 -0.054819 0.863609
v -0.281722 0.044192 0.942754
v 0.718264 0.217182 1.453561
v -0.832853 0.199339 1.398101
v 0.344421 0.214557 1.445437
v -0.518361 0.045195 0.944488
v -0.041716 -0.115782 0.871771
v -0.473980 -0.114438 0.874514
v 0.194978 0.085044 1.062011
v -0.294153 0.224941 1.476533
v -0.471423 -0.102746 0.884133
v -0.235850 0.048284 0.950828
v -0.020215 0.139124 1.217629
v 0.294521 -0.041955 0.859229
v 0.135679 -0.037689 0.857627
v -0.225892 -0.098666 0.886260
v 0.340898 -0.110770 0.879293
v 0.145349 0.000000 0.787501
v -0.566736 0.074359 1.028967
v 0.364340 -0.067407 0.873733
v 0.408029 -0.029856 0.849232
v 0.112347 0.020427 0.871544
v -0.465334 -0.072709 0.875924
v -0.035592 -0.116946 0.867773
v 0.073015 0.018464 0.859395
v 0.043556 0.146396 1.238920
v 0.188265 0.071720 1.020015
v 0.289345 -0.019236 0.820747
v -0.222344 0.113965 1.144122
v 0.424681 -0.115124 0.873240
v -0.157457 -0.003057 0.782697
v -0.258296 0.004682 0.799080
v -0.274110 0.269411 1.603937
v 0.412899 -0.115782 0.871771
v 0.488246 0.089058 1.072884
v -0.503988 0.097373 1.095718
v -0.481890 0.033515 0.927548
v -0.207476 -0.112312 0.877916
v 0.348540 -0.113040 0.876917
v -0.507611 -0.100312 0.885509
v 0.374902 0.185464 1.356537
v -0.454083 -0.051295 0.861076
v -0.074016 -0.124811 0.743061
v 0.134131 0.120491 1.163985
v -0.095224 0.204249 1.413179
v -0.226588 0.098797 1.099650
v -0.732419 0.163880 1.290873
v 0.592162 0.066557 1.002271
v -0.015913 -0.037689 0.857627
v 0.288520 0.011251 0.822966
v 0.212746 -0.051295 0.861076
v -0.448190 -0.085329 0.882590
v -0.096265 0.003105 0.794965
v -0.279822 -0.120562 0.762069
v 0.525923 0.185464 1.356537
v 0.399599 0.155881 1.266841
v -0.576493 0.059275 0.978986
v 0.321502 -0.112312 0.877916
v 0.239060 0.152018 1.255373
v 0.156856 -0.020110 0.823696
v -0.147533 0.064061 0.993910
v -0.394067 0.020427 0.871544
v 0.455412 0.036433 0.932684
v 0.334792 0.024476 0.895110
v 0.547856 0.050399 0.955715
v -0.289275 -0.096136 0.886878
v 0.440029 -0.019236 0.820747
v -0.237304 0.183251 1.349996
v -0.337112 -0.123511 0.743972
v -0.442022 -0.108356 0.880605
v 0.222802 0.168056 1.303710
v 0.266748 0.038368 0.935445
v -0.503481 -0.118900 0.839682
v 0.030574 -0.003057 0.782697
v -0.243606 -0.057518 0.866154
v 0.526121 -0.057518 0.866154
v 0.408440 0.163880 1.290874
v 0.224778 -0.105930 0.881888
v -0.383962 0.012988 0.831242
f 1092 1342 760
f 1638 1664 1165
f 772 1638 1165
f 1458 1092 760
f 1664 1433 1165
f 1433 1664 1342
f 1483 460 752
f 772 250 1638
f 461 661 425
f 521 772 1165
f 1657 521 137
f 1433 1338 1165
f 1338 1433 655
f 1338 1172 110
f 379 1816 460
f 1483 379 460
f 325 1483 752
f 325 1762 1483
f 1039 1664 1638
f 1816 503 460
f 513 1498 1323
f 1498 513 1897
f 661 1861 425
f 2 1372 1323
f 898 461 425
f 1553 639 1323
f 639 1553 1320
f 461 20 661
f 20 639 1320
f 1677 521 1165
f 521 993 772
f 1657 993 521
f 1882 141 1165
f 1251 1646 660
f 1433 239 655
f 1092 720 1342
f 138 1433 707
f 1119 138 707
f 138 1291 1433
f 1291 847 1433
f 1664 612 936
f 612 1762 936
f 1762 753 936
f 753 1762 325
f 936 753 752
f 753 325 752
f 1161 379 1483
f 1762 1161 1483
f 1039 319 1664
f 319 1039 1400
f 503 796 381
f 796 503 1816
f 388 305 1926
f 86 142 772
f 747 503 381
f 167 747 381
f 1792 635 513
f 1734 1325 129
f 503 1325 460
f 1325 1159 460
f 1417 1734 129
f 547 1962 1926
f 364 142 518
f 142 364 772
f 364 250 772
f 364 1486 250
f 1486 364 388
f 1861 431 425
f 1372 1286 661
f 1286 1861 661
f 1861 1286 499
f 1286 2 499
f 2 1286 1372
f 914 578 1323
f 596 494 1072
f 1276 557 147
f 557 1825 147
f 1276 155 557
f 76 1372 661
f 1553 76 1320
f 1372 76 1323
f 76 1553 1323
f 20 76 661
f 76 20 1320
f 1347 732 1882
f 1347 1882 1165
f 1338 1347 1165
f 1347 1338 110
f 619 1347 110
f 1347 619 732
f 647 5 744
f 5 798 744
f 798 5 732
f 732 525 1882
f 525 141 1882
f 5 525 732
f 525 5 141
f 1901 647 137
f 521 1901 137
f 1677 1901 521
f 1110 1657 137
f 1669 1110 848
f 1310 647 744
f 1310 1315 848
f 1805 798 732
f 602 1646 1251
f 602 1966 1172
f 1966 602 1251
f 683 1281 463
f 463 1281 1098
f 720 1202 1342
f 1887 990 51
f 423 195 450
f 195 423 51
f 864 195 1503
f 195 864 450
f 1833 1366 1908
f 1371 579 965
f 3 1371 1446
f 579 1694 965
f 1694 1291 965
f 1291 1694 847
f 637 138 1119
f 637 1291 138
f 152 1119 707
f 1765 814 965
f 1371 814 1446
f 814 1371 965
f 1255 814 1765
f 379 263 1816
f 1103 263 379
f 314 1103 379
f 1161 314 379
f 314 1161 1762
f 314 612 1664
f 612 314 1762
f 4 796 1816
f 305 1353 1926
f 1353 547 1926
f 1820 1575 979
f 1575 1820 624
f 624 1820 518
f 1820 305 518
f 796 214 381
f 214 796 718
f 1426 1355 528
f 1355 1426 389
f 123 747 167
f 1039 1670 1400
f 1355 1439 528
f 1670 1439 1400
f 64 1670 1039
f 1693 943 129
f 1693 1687 85
f 1325 1693 129
f 1693 1325 503
f 924 1624 1665
f 513 924 1897
f 1624 924 513
f 1275 1242 467
f 1242 1275 1475
f 582 388 1926
f 1962 582 1926
f 582 1486 388
f 1570 1188 1498
f 1498 1188 1323
f 329 1714 126
f 1438 652 329
f 1083 1143 84
f 643 1083 84
f 643 1972 1083
f 762 305 388
f 364 762 388
f 305 762 518
f 762 364 518
f 323 309 108
f 578 323 108
f 1859 914 575
f 1859 104 914
f 187 1859 575
f 1257 431 1861
f 1443 1257 1861
f 645 217 428
f 596 983 494
f 1091 494 501
f 494 1091 1072
f 1261 87 315
f 1025 429 1142
f 1214 429 1025
f 898 944 461
f 944 46 461
f 400 20 461
f 46 400 461
f 400 46 1125
f 639 400 1125
f 20 400 639
f 456 810 1125
f 117 1875 425
f 810 1875 117
f 1613 898 425
f 581 639 1125
f 639 581 1323
f 1279 557 1384
f 1279 1825 557
f 1831 155 1276
f 230 1669 848
f 1315 230 848
f 542 1206 1314
f 1206 1697 1314
f 1697 1696 1314
f 491 1315 829
f 783 1966 1513
f 146 619 571
f 619 146 732
f 146 1805 732
f 424 972 628
f 1412 60 695
f 1805 1654 798
f 1966 1273 1172
f 1172 1273 110
f 1273 619 110
f 1271 5 647
f 1901 1271 647
f 141 1271 1165
f 5 1271 141
f 1271 1677 1165
f 1271 1901 1677
f 798 343 744
f 343 1310 744
f 343 1654 829
f 1654 343 798
f 1315 343 829
f 1310 343 1315
f 1310 1893 647
f 647 1893 137
f 1893 1110 137
f 1110 1893 848
f 1893 1310 848
f 443 490 660
f 490 1583 1804
f 1583 443 143
f 443 1583 490
f 171 490 628
f 171 628 1513
f 171 1251 660
f 490 171 660
f 1966 171 1513
f 171 1966 1251
f 306 1704 655
f 1704 306 432
f 1338 736 1172
f 736 602 1172
f 611 42 1566
f 1393 1950 552
f 1921 1393 552
f 1186 1921 552
f 101 1599 1267
f 87 1579 315
f 976 683 463
f 412 976 463
f 976 1199 1240
f 976 1458 684
f 976 1240 1458
f 976 1522 683
f 188 947 316
f 947 188 683
f 1522 947 683
f 1009 1473 717
f 1473 188 316
f 1473 1009 188
f 1450 1009 717
f 1009 1450 188
f 1671 990 1245
f 1671 1918 990
f 990 888 51
f 888 195 51
f 1918 888 990
f 195 888 1503
f 888 1918 1503
f 1852 895 1283
f 360 895 1852
f 549 954 958
f 419 835 1130
f 687 37 23
f 1366 1957 1908
f 1037 1216 23
f 1216 1037 39
f 812 308 1367
f 1833 1580 1366
f 1594 308 390
f 308 1451 390
f 1451 1362 390
f 1362 1451 1149
f 662 1768 10
f 1768 1049 10
f 1768 662 500
f 1832 672 583
f 1049 1674 10
f 927 1429 824
f 1429 927 1171
f 1139 809 168
f 1371 236 579
f 236 687 579
f 687 236 37
f 236 3 37
f 236 1371 3
f 847 1708 1566
f 1694 1708 847
f 1135 1694 579
f 1135 1708 1694
f 1135 611 1566
f 1708 1135 1566
f 637 1560 1291
f 1560 637 1119
f 152 1560 1119
f 1436 1765 965
f 1436 152 1765
f 1436 1560 152
f 1291 1436 965
f 1560 1436 1291
f 588 1157 864
f 263 1740 1816
f 1740 263 1103
f 1740 314 1664
f 314 1740 1103
f 796 1742 718
f 4 1742 796
f 1740 1742 1816
f 640 1575 624
f 142 640 518
f 640 624 518
f 86 62 142
f 62 640 142
f 640 62 1575
f 441 1809 547
f 1809 441 1836
f 1153 86 772
f 1153 1088 86
f 993 1153 772
f 1088 1153 993
f 1100 993 1657
f 1110 1100 1657
f 1100 1110 1669
f 975 1835 319
f 319 1835 1664
f 1835 1740 1664
f 1740 1835 220
f 1924 319 1400
f 1924 975 319
f 1439 1924 1400
f 1924 1439 1355
f 1426 1459 389
f 1459 1426 214
f 1459 214 718
f 975 1459 718
f 1459 975 389
f 1603 1426 167
f 214 1603 381
f 1426 1603 214
f 631 1687 747
f 1687 631 85
f 631 478 85
f 879 123 167
f 879 1426 528
f 1426 879 167
f 123 1903 747
f 1903 879 528
f 879 1903 123
f 1096 754 766
f 897 1502 766
f 1223 1484 915
f 1484 1548 915
f 1475 603 1956
f 603 1223 1956
f 478 1243 85
f 1243 1693 85
f 747 1031 503
f 1687 1031 747
f 1031 1693 503
f 1693 1031 1687
f 922 920 1196
f 920 1407 1196
f 1407 920 250
f 250 920 1638
f 920 922 1638
f 635 857 513
f 768 75 460
f 768 71 75
f 943 393 129
f 1417 663 1734
f 415 1275 467
f 415 663 1417
f 1134 582 1962
f 582 849 1486
f 1134 849 582
f 831 1836 1239
f 831 1809 1836
f 831 199 1809
f 1862 34 1899
f 1213 1862 1899
f 50 1154 1838
f 310 294 1758
f 1993 310 1758
f 310 1993 725
f 1993 1545 725
f 882 1631 1352
f 994 187 575
f 1772 1080 309
f 1080 1772 499
f 1772 1861 499
f 1489 741 914
f 1489 914 1323
f 1188 1489 1323
f 1489 1188 74
f 1129 1570 1498
f 1129 266 1570
f 1188 881 74
f 1455 1443 1861
f 1455 1772 1087
f 1772 1455 1861
f 1755 210 633
f 1714 1981 126
f 1434 1498 1897
f 731 1026 1368
f 652 1763 329
f 652 264 1818
f 1545 264 312
f 264 1545 111
f 264 1796 1818
f 1442 1392 507
f 1981 1442 126
f 1442 1981 1392
f 331 1045 1793
f 1045 1363 1793
f 1363 1045 1972
f 155 963 557
f 963 576 557
f 576 963 425
f 309 1705 108
f 1080 1705 309
f 1705 578 108
f 578 1705 1323
f 1705 2 1323
f 323 778 104
f 778 323 578
f 104 778 914
f 778 578 914
f 1859 1490 104
f 494 776 501
f 983 776 494
f 1584 1138 196
f 1879 1584 196
f 166 1257 1443
f 1138 166 196
f 1995 166 1138
f 1257 166 1995
f 779 1995 404
f 779 1257 1995
f 1257 779 431
f 1825 1569 147
f 1284 1569 1825
f 1569 1284 217
f 589 1276 15
f 1276 1917 15
f 645 1917 1276
f 699 779 404
f 1970 983 596
f 1261 1779 1952
f 1779 1261 315
f 784 1261 1952
f 1261 784 87
f 429 910 1142
f 1287 944 898
f 944 1287 46
f 46 1287 1125
f 1287 456 1125
f 456 1287 898
f 1577 456 898
f 1613 1577 898
f 409 1577 1613
f 409 1875 810
f 1875 409 425
f 409 1613 425
f 825 1709 1384
f 1709 1279 1384
f 1719 1121 155
f 169 1719 155
f 1831 169 155
f 169 1121 1719
f 1121 169 1344
f 903 1860 1905
f 1289 989 1280
f 843 1206 542
f 903 843 1860
f 843 903 501
f 416 843 501
f 178 1696 1697
f 178 995 606
f 995 178 797
f 178 1219 797
f 178 1697 313
f 491 321 797
f 45 230 1315
f 491 45 1315
f 41 45 491
f 45 41 1352
f 1878 41 1395
f 1878 1965 1352
f 41 1878 1352
f 1479 1801 1608
f 1805 1479 1608
f 146 1479 1805
f 628 1326 1513
f 972 1326 628
f 1675 972 424
f 197 146 571
f 197 1479 146
f 7 402 18
f 402 414 18
f 414 1479 18
f 1479 414 1801
f 697 1412 677
f 1675 1236 700
f 1236 424 218
f 1236 1675 424
f 1184 1236 218
f 1236 1184 700
f 1801 1445 1608
f 1445 1805 1608
f 1445 1654 1805
f 365 1445 1801
f 1412 293 677
f 293 1541 677
f 293 1412 695
f 293 542 1314
f 1541 293 1314
f 1541 1062 1222
f 1222 1062 606
f 1696 1062 1314
f 1062 1541 1314
f 1062 178 606
f 178 1062 1696
f 619 1337 571
f 1273 1337 619
f 1337 1273 1966
f 306 1497 432
f 1497 170 432
f 602 830 1646
f 830 1338 655
f 1704 830 655
f 830 1704 1646
f 716 564 476
f 170 1931 432
f 1931 1704 432
f 847 228 1433
f 228 564 1433
f 228 847 1566
f 1288 42 1252
f 1226 1057 1318
f 1300 1226 1318
f 42 1341 1252
f 611 1341 42
f 1950 1967 552
f 9 443 660
f 678 101 1267
f 1614 678 296
f 229 1599 262
f 1982 811 44
f 625 424 628
f 625 490 1804
f 490 625 628
f 1583 1555 1804
f 1555 625 1804
f 1579 1302 315
f 1895 352 403
f 1895 1599 541
f 1186 560 143
f 1522 1391 1561
f 1391 1522 976
f 1150 1522 1561
f 1150 1581 316
f 1473 438 717
f 1473 277 668
f 1632 1281 683
f 1632 1728 1281
f 1728 1632 1609
f 1632 1149 1609
f 188 1632 683
f 1450 1632 188
f 1632 1450 717
f 438 1632 717
f 1632 438 1149
f 1682 422 1927
f 1480 720 1092
f 1480 569 720
f 1458 1480 1092
f 569 1480 1458
f 1521 1852 1283
f 622 1521 1283
f 1521 1240 1852
f 569 392 720
f 392 622 720
f 622 392 1240
f 1240 392 1458
f 392 569 1458
f 714 1671 1844
f 588 714 1844
f 841 114 1245
f 990 841 1245
f 1887 841 990
f 387 841 1887
f 841 387 114
f 387 895 360
f 1047 360 1852
f 387 1047 114
f 1047 387 360
f 1240 1047 1852
f 1199 1047 1240
f 1485 423 450
f 1485 232 423
f 1485 450 1342
f 1202 1485 1342
f 423 190 51
f 232 190 423
f 190 232 1283
f 895 190 1283
f 1791 1248 958
f 1248 1791 1348
f 1539 482 1098
f 482 1539 1194
f 1350 1833 1908
f 1294 40 1255
f 16 814 1255
f 40 16 1255
f 482 32 412
f 32 482 1194
f 954 32 1194
f 32 954 549
f 1248 1127 958
f 1127 1248 1348
f 1101 976 412
f 976 1101 1199
f 32 1101 412
f 1101 32 549
f 1101 1127 1199
f 1101 549 958
f 1127 1101 958
f 1369 412 463
f 1369 482 412
f 1369 463 1098
f 482 1369 1098
f 151 1014 1348
f 1014 1671 1245
f 1216 1640 23
f 687 1640 817
f 1640 687 23
f 82 1944 1181
f 1944 36 1181
f 767 43 254
f 43 723 254
f 607 1390 883
f 1958 662 10
f 1512 485 833
f 485 812 833
f 812 485 308
f 1629 1957 1366
f 1580 1629 1366
f 1957 1629 1037
f 385 1580 1833
f 1682 385 1833
f 833 385 1927
f 385 1682 1927
f 854 53 1609
f 53 854 470
f 53 1728 1609
f 1728 53 470
f 1958 1493 662
f 662 1493 500
f 500 1405 1752
f 1405 1268 1752
f 1149 1482 1609
f 1451 1482 1149
f 1482 854 1609
f 838 833 1927
f 838 1512 833
f 1049 617 1563
f 1768 617 1049
f 672 1505 510
f 280 39 583
f 672 280 583
f 1135 189 611
f 1300 970 1585
f 189 970 611
f 1429 1 824
f 1 1429 168
f 1505 1466 510
f 1466 1505 1215
f 1840 1674 1049
f 1840 1832 583
f 39 1840 583
f 1674 1840 39
f 1840 1340 1832
f 1340 1840 1049
f 927 245 1563
f 245 1049 1563
f 245 1340 1049
f 1340 245 824
f 245 927 824
f 1983 1429 1171
f 168 1983 591
f 1429 1983 168
f 927 1784 1171
f 1224 1802 1146
f 1224 916 1354
f 1933 1224 1146
f 916 1224 1933
f 1923 1224 1354
f 1224 1923 1802
f 601 168 591
f 601 1139 168
f 213 601 591
f 601 213 366
f 794 1135 579
f 794 687 817
f 687 794 579
f 189 794 817
f 794 189 1135
f 1732 274 707
f 864 1732 450
f 450 1732 1342
f 1433 1732 707
f 1732 1433 1342
f 1157 1559 864
f 274 1559 1157
f 1559 1732 864
f 1732 1559 274
f 1221 1294 1255
f 1221 1255 1765
f 1221 274 1157
f 1294 1221 1157
f 152 1221 1765
f 1221 152 707
f 274 1221 707
f 755 151 1523
f 40 755 1523
f 755 40 1294
f 1468 4 1816
f 1742 1468 1816
f 1468 1742 4
f 959 62 86
f 1088 959 86
f 441 73 1836
f 1156 1088 993
f 1100 1156 993
f 1156 1100 1669
f 1156 959 1088
f 889 975 718
f 889 1835 975
f 1835 889 220
f 1742 889 718
f 253 1355 389
f 253 1924 1355
f 975 253 389
f 1924 253 975
f 1220 167 381
f 1603 1220 381
f 1220 1603 167
f 631 1678 478
f 685 1678 240
f 1903 249 747
f 249 631 747
f 249 1678 631
f 249 971 240
f 1678 249 240
f 754 1205 528
f 1205 1903 528
f 249 1205 971
f 1205 249 1903
f 515 1439 1670
f 897 515 1670
f 1439 515 528
f 515 754 528
f 754 515 766
f 515 897 766
f 987 1507 1919
f 1428 1507 850
f 1507 1428 1919
f 922 269 1638
f 908 987 1919
f 1855 908 1919
f 908 269 987
f 1198 897 1670
f 1198 1502 897
f 64 1198 1670
f 1502 1198 64
f 1484 1378 1548
f 808 1270 656
f 808 603 1270
f 1378 808 656
f 808 1378 1484
f 808 1484 1223
f 603 808 1223
f 603 1642 1270
f 1642 1986 393
f 295 807 67
f 159 1494 1448
f 1494 1641 1448
f 1428 1494 159
f 1407 1376 1196
f 1494 1376 1641
f 1720 1376 1407
f 1376 1720 1641
f 1976 1428 159
f 1548 1976 915
f 1642 221 1270
f 221 393 943
f 221 1642 393
f 221 665 1270
f 771 1915 1685
f 1619 1955 1131
f 924 803 1897
f 1702 803 924
f 803 1544 1897
f 71 1864 1823
f 1864 116 1823
f 800 191 1457
f 1325 1636 1159
f 857 962 1951
f 962 1955 1951
f 382 857 635
f 1552 259 1951
f 259 857 1951
f 857 259 513
f 1619 259 1552
f 259 1624 513
f 259 1619 1624
f 839 469 292
f 1264 28 1361
f 447 78 1823
f 1854 787 247
f 787 565 247
f 28 565 1361
f 673 800 1457
f 673 1864 800
f 1864 673 116
f 1394 1605 1734
f 663 1394 1734
f 907 839 292
f 275 131 1154
f 131 275 1984
f 275 853 1984
f 853 1169 1984
f 1621 415 1417
f 393 877 129
f 1986 877 393
f 877 1417 129
f 1486 38 250
f 849 38 1486
f 38 1407 250
f 1899 670 1239
f 670 831 1239
f 831 670 199
f 1630 1213 586
f 1630 1862 1213
f 34 790 1116
f 1862 790 34
f 427 1477 202
f 1809 982 547
f 982 1962 547
f 982 1477 1962
f 1477 982 1751
f 172 771 1685
f 1444 172 1685
f 172 1639 771
f 294 1907 1116
f 1907 294 1421
f 1741 394 257
f 1247 34 1116
f 294 373 1421
f 310 373 294
f 1026 1510 312
f 1132 676 398
f 680 1993 1758
f 680 1545 1993
f 1385 183 725
f 1545 1385 725
f 1385 1545 312
f 1807 1385 312
f 1948 445 633
f 445 407 633
f 1213 1176 586
f 1074 1176 1980
f 1074 107 353
f 30 1796 162
f 1796 30 1818
f 30 282 1818
f 1796 47 162
f 47 439 162
f 1143 130 84
f 130 1442 507
f 1442 130 1143
f 994 1528 187
f 1528 279 187
f 914 692 575
f 741 692 914
f 692 741 701
f 994 692 701
f 279 474 187
f 474 1772 187
f 474 279 1087
f 1772 474 1087
f 741 251 701
f 527 1492 1773
f 1999 161 1681
f 881 1710 74
f 1710 1489 74
f 1777 1936 1589
f 1936 1777 507
f 1750 1155 1910
f 1155 1750 1469
f 949 1750 1910
f 949 1798 1750
f 1798 949 234
f 949 1743 234
f 1627 1537 210
f 1798 1627 746
f 1627 1798 234
f 1537 1627 234
f 1392 383 507
f 383 1936 507
f 1981 383 1392
f 383 1981 1819
f 1743 1799 234
f 406 527 1773
f 1597 1129 1498
f 894 68 1346
f 1163 731 331
f 577 1163 1793
f 1163 331 1793
f 731 1698 1026
f 1698 1510 1026
f 1163 1698 731
f 1698 1163 577
f 892 1714 329
f 1763 892 329
f 1663 652 1818
f 873 264 652
f 731 873 331
f 1442 1615 126
f 1615 1442 1143
f 1615 1571 126
f 1571 1615 1143
f 161 1035 1681
f 977 180 643
f 307 1363 1972
f 307 643 1595
f 307 1972 643
f 527 1021 1492
f 1192 1143 1083
f 1192 1571 1143
f 1045 1228 1972
f 1228 1045 1438
f 1571 1228 126
f 1228 329 126
f 1228 1438 329
f 1705 1744 2
f 1744 1705 1080
f 2 1744 499
f 1744 1080 499
f 1898 1859 187
f 1898 1490 1859
f 1772 1898 187
f 1898 1772 309
f 323 1898 309
f 1898 323 104
f 1490 1898 104
f 1841 1830 313
f 1830 1841 1124
f 989 1841 313
f 1841 989 1289
f 55 998 313
f 1830 55 313
f 519 776 983
f 519 699 404
f 699 519 983
f 1995 519 404
f 776 519 1995
f 1635 1584 1879
f 776 1635 501
f 1584 1635 1138
f 1635 1995 1138
f 1635 776 1995
f 1750 1729 1469
f 1798 1729 1750
f 332 1813 703
f 1841 1690 1124
f 1690 1841 1289
f 587 222 63
f 222 703 63
f 645 1317 217
f 1317 1569 217
f 1569 1317 147
f 1317 1276 147
f 1317 645 1276
f 434 1284 298
f 1284 434 217
f 1279 1847 1825
f 1847 1284 1825
f 929 816 531
f 929 1724 842
f 792 1024 15
f 1024 589 15
f 589 1024 801
f 1024 517 801
f 517 1024 792
f 792 1316 1108
f 852 792 15
f 1917 852 15
f 1891 1831 1276
f 1891 48 1025
f 921 1756 1276
f 589 921 1276
f 1842 546 1431
f 1871 825 1384
f 1656 1970 596
f 1097 699 983
f 1970 1097 983
f 1097 1970 431
f 431 1481 425
f 1970 1481 431
f 1481 576 425
f 1091 1249 1072
f 1574 598 1072
f 598 1574 934
f 1249 1574 1072
f 1554 1906 315
f 1906 1779 315
f 561 1779 101
f 561 678 1614
f 678 561 101
f 1779 561 1952
f 899 165 428
f 784 899 244
f 165 899 1952
f 899 784 1952
f 52 1614 296
f 1190 546 1531
f 1190 1886 546
f 1190 712 1424
f 1886 1190 1424
f 546 1684 1431
f 1886 1684 546
f 1360 1886 1424
f 1886 1360 691
f 891 429 1214
f 960 810 456
f 960 409 810
f 1577 960 456
f 409 960 1577
f 598 671 825
f 671 1709 825
f 169 1964 1025
f 1964 169 1831
f 1964 1891 1025
f 1891 1964 1831
f 1073 1091 501
f 903 1073 501
f 1073 903 1905
f 1249 1073 1905
f 1073 1249 1091
f 1206 208 1697
f 989 208 1206
f 1697 208 313
f 208 989 313
f 594 989 1206
f 989 594 1280
f 594 1879 1280
f 594 1635 1879
f 594 416 501
f 1635 594 501
f 553 1219 1395
f 1219 553 797
f 553 122 797
f 41 553 1395
f 122 553 41
f 998 688 313
f 688 178 313
f 178 688 1219
f 688 303 1219
f 1258 995 797
f 321 1258 797
f 995 1258 606
f 613 491 829
f 613 321 491
f 1654 613 829
f 613 1445 365
f 1445 613 1654
f 1262 45 1352
f 45 1262 230
f 1631 1262 1352
f 230 1262 1669
f 1262 1631 1669
f 886 41 491
f 886 122 41
f 886 491 797
f 122 886 797
f 972 1532 18
f 1675 1532 972
f 1532 1675 700
f 7 1532 700
f 1532 7 18
f 105 197 571
f 783 105 1966
f 1337 105 571
f 105 1337 1966
f 105 783 1513
f 1326 105 1513
f 1479 120 18
f 197 120 1479
f 120 972 18
f 120 1326 972
f 120 105 1326
f 105 120 197
f 7 780 402
f 1412 780 60
f 780 697 402
f 697 780 1412
f 780 7 700
f 1934 414 402
f 697 1934 402
f 1739 365 1801
f 697 1739 1801
f 1739 697 677
f 365 1739 194
f 1541 1739 677
f 1739 1222 194
f 1739 1541 1222
f 268 293 695
f 293 268 542
f 1860 268 695
f 268 843 542
f 843 268 1860
f 1497 1954 239
f 1954 1497 306
f 239 1954 655
f 1954 306 655
f 736 288 602
f 288 830 602
f 288 736 1338
f 830 288 1338
f 106 716 170
f 106 1497 239
f 1497 106 170
f 716 572 564
f 572 239 1433
f 564 572 1433
f 572 106 239
f 106 572 716
f 458 1931 170
f 1234 228 1566
f 228 1234 564
f 42 1234 1566
f 1288 1234 42
f 564 1234 476
f 1234 1288 476
f 1921 1452 1393
f 1452 300 1393
f 443 1916 143
f 9 1916 443
f 1916 1186 143
f 1916 1921 1186
f 1916 9 1921
f 678 1508 296
f 1508 678 1267
f 1851 229 262
f 1496 1851 262
f 1071 1851 193
f 861 916 1933
f 666 861 1933
f 1699 1895 403
f 1895 1699 1599
f 690 1699 403
f 1496 1017 1933
f 1017 666 1933
f 1017 1496 262
f 1599 1017 262
f 1699 1017 1599
f 1017 1699 666
f 1099 1982 44
f 1982 1099 1000
f 440 59 1000
f 59 1982 1000
f 424 1067 218
f 625 1067 424
f 1067 267 1415
f 1555 267 625
f 267 1067 625
f 1555 1233 44
f 1233 1099 44
f 1099 1233 690
f 1233 1555 1583
f 1233 560 690
f 1006 1554 315
f 1302 1006 315
f 492 1186 552
f 492 560 1186
f 1967 492 552
f 492 1967 932
f 666 492 932
f 1699 492 666
f 560 492 690
f 492 1699 690
f 1391 1313 1561
f 1313 1391 976
f 1313 976 684
f 719 947 1522
f 1150 719 1522
f 947 719 316
f 719 1150 316
f 386 1473 668
f 386 1362 1149
f 277 1650 1181
f 1650 277 1473
f 1181 1650 316
f 1650 1473 316
f 1812 1095 883
f 489 1728 470
f 489 470 1927
f 422 489 1927
f 1281 206 1098
f 489 1090 1728
f 1090 489 422
f 1925 622 1240
f 1521 1925 1240
f 1925 1521 622
f 1810 1918 1671
f 714 1810 1671
f 1918 1810 1503
f 1810 864 1503
f 1810 588 864
f 1810 714 588
f 1968 1047 1199
f 1047 1968 114
f 653 1485 1202
f 1485 653 232
f 653 1202 720
f 622 653 720
f 653 622 1283
f 232 653 1283
f 1209 1887 51
f 190 1209 51
f 1209 190 895
f 1209 387 1887
f 387 1209 895
f 99 151 1348
f 1791 99 1348
f 151 99 1523
f 99 40 1523
f 99 16 40
f 206 223 1098
f 223 206 1978
f 223 1539 1098
f 1940 223 1978
f 223 1940 1539
f 870 1350 1908
f 1957 870 1908
f 870 1037 23
f 870 1957 1037
f 1054 3 1446
f 814 1054 1446
f 16 1054 814
f 1054 16 1297
f 512 1054 1297
f 1054 512 1350
f 1127 1748 1199
f 1718 151 1844
f 1718 1014 151
f 1671 1718 1844
f 1014 1718 1671
f 785 430 556
f 806 1150 1561
f 1150 806 1581
f 1828 58 835
f 58 1005 835
f 835 1005 684
f 1005 1994 684
f 1994 1005 534
f 446 742 1914
f 419 988 835
f 1991 446 1914
f 1095 1253 883
f 1253 1095 1540
f 835 80 1130
f 94 82 1680
f 94 1050 1944
f 82 94 1944
f 201 82 1181
f 82 201 1680
f 721 277 1181
f 36 721 1181
f 277 721 668
f 43 1776 723
f 386 1776 1362
f 723 1776 668
f 1776 386 668
f 1362 1398 390
f 1776 1398 1362
f 1398 1776 43
f 654 43 767
f 654 1594 390
f 1398 654 390
f 654 1398 43
f 1405 654 767
f 654 1405 1594
f 1644 1812 883
f 1390 1644 883
f 1644 1268 1812
f 1268 1644 1752
f 1812 867 254
f 1268 867 1812
f 867 767 254
f 867 1405 767
f 1405 867 1268
f 65 812 1367
f 1493 65 1367
f 65 1493 1958
f 743 1451 308
f 485 743 308
f 743 1482 1451
f 743 485 1512
f 838 743 1512
f 1482 743 854
f 743 838 1927
f 470 743 1927
f 854 743 470
f 173 1629 1580
f 1629 173 1037
f 1037 173 39
f 173 1674 39
f 686 1493 1367
f 308 686 1367
f 1594 686 308
f 1493 686 500
f 686 1405 500
f 1405 686 1594
f 1499 617 1768
f 1499 500 1752
f 1499 1768 500
f 694 672 1832
f 694 1505 672
f 1340 694 1832
f 1505 488 1215
f 694 488 1505
f 1082 488 168
f 1141 280 672
f 1141 1640 1216
f 1141 1216 39
f 280 1141 39
f 1141 672 510
f 1640 1141 510
f 339 189 817
f 189 339 1332
f 1640 339 817
f 1616 189 1332
f 1616 970 189
f 362 1341 611
f 890 1738 346
f 1307 809 1139
f 1307 726 809
f 1547 1300 1585
f 809 1029 168
f 1029 1082 168
f 593 1547 70
f 1300 593 1226
f 1547 593 1300
f 1379 1573 1815
f 213 1573 1525
f 1573 213 1815
f 978 420 1311
f 978 91 1349
f 1885 978 1311
f 978 1885 91
f 420 538 1525
f 978 538 420
f 538 978 1349
f 420 459 1311
f 207 601 366
f 726 207 1041
f 1307 207 726
f 601 207 1139
f 207 1307 1139
f 151 374 1844
f 755 374 151
f 374 588 1844
f 588 374 1157
f 374 1294 1157
f 374 755 1294
f 959 255 62
f 827 255 1992
f 255 827 62
f 255 1185 1992
f 1980 1607 1992
f 1607 827 1992
f 1781 1607 1980
f 827 1822 62
f 62 1822 1575
f 73 1806 979
f 1806 73 441
f 1806 1820 979
f 1806 441 547
f 1353 1806 547
f 1806 1353 305
f 1820 1806 305
f 889 913 220
f 913 889 1742
f 913 1740 220
f 913 1742 1740
f 1786 1205 754
f 1786 1096 240
f 1786 754 1096
f 971 1786 240
f 1205 1786 971
f 1507 1180 850
f 1180 1196 850
f 1180 922 1196
f 1180 269 922
f 269 1180 987
f 1428 837 1919
f 837 1855 1919
f 1976 837 1428
f 1855 837 1096
f 789 908 1855
f 789 1096 766
f 789 1855 1096
f 1502 789 766
f 908 789 1502
f 269 1068 1638
f 908 1068 269
f 1068 1039 1638
f 1068 64 1039
f 1068 1502 64
f 1068 908 1502
f 650 1378 656
f 1678 650 478
f 650 1678 685
f 1378 1767 1548
f 1767 650 685
f 650 1767 1378
f 1767 1976 1548
f 1767 837 1976
f 1767 685 240
f 1096 1767 240
f 837 1767 1096
f 1582 603 1475
f 1582 1642 603
f 1642 1582 1986
f 1275 1582 1475
f 1986 1582 1275
f 946 902 1462
f 724 295 67
f 427 724 67
f 1282 1428 850
f 1282 1494 1428
f 1196 1282 850
f 1376 1282 1196
f 1282 1376 1494
f 1641 112 1448
f 1720 112 1641
f 1136 1556 159
f 1976 1556 915
f 1556 1976 159
f 1556 1223 915
f 1556 1721 1223
f 997 159 1448
f 997 1136 159
f 1556 559 1721
f 559 1556 1136
f 1721 1530 1223
f 1334 1530 1721
f 1223 1530 1956
f 1530 1334 1956
f 846 1243 478
f 846 665 1243
f 665 846 1270
f 1270 846 656
f 846 650 656
f 650 846 478
f 665 1969 1243
f 1969 665 221
f 1969 221 943
f 1693 1969 943
f 1243 1969 1693
f 627 1552 1951
f 1955 627 1951
f 627 1619 1552
f 1619 627 1955
f 710 1619 1131
f 1619 710 1624
f 1955 710 1131
f 649 238 334
f 894 649 334
f 1044 803 1702
f 1044 56 803
f 768 901 71
f 901 1864 71
f 1864 901 800
f 901 1636 800
f 24 191 800
f 1636 24 800
f 1605 241 1734
f 241 1325 1734
f 241 1636 1325
f 24 241 1605
f 241 24 1636
f 1568 937 1453
f 937 35 1453
f 565 35 247
f 35 565 28
f 35 469 391
f 35 28 469
f 1084 28 1264
f 28 1084 469
f 469 1084 292
f 1076 447 765
f 1076 1745 1792
f 981 860 1792
f 1745 981 1792
f 805 71 1823
f 78 805 1823
f 71 805 75
f 805 78 75
f 78 380 75
f 380 78 447
f 75 380 1792
f 380 1076 1792
f 1076 380 447
f 1538 962 857
f 644 1538 857
f 1538 1854 247
f 644 1461 860
f 860 1461 1792
f 1461 635 1792
f 1461 382 635
f 1606 565 787
f 1745 1606 787
f 116 1606 1823
f 1606 447 1823
f 447 1606 765
f 565 1821 1361
f 673 1821 116
f 1821 1606 116
f 1606 1821 565
f 1055 1264 1361
f 1055 673 1264
f 1821 1055 1361
f 1055 1821 673
f 605 427 202
f 1515 605 202
f 1519 24 1605
f 24 1519 191
f 66 1242 1475
f 1301 823 1166
f 1193 1623 584
f 415 941 663
f 941 415 467
f 1749 1193 584
f 1749 1169 853
f 50 1217 1154
f 324 1986 1275
f 415 324 1275
f 1621 324 415
f 324 877 1986
f 38 1576 1407
f 1576 38 849
f 34 821 1899
f 821 670 1899
f 670 821 199
f 439 1059 162
f 1876 439 111
f 1876 1059 439
f 1545 1876 111
f 680 1876 1545
f 790 1370 1116
f 1370 294 1116
f 294 1370 1758
f 1370 680 1758
f 1477 1977 1962
f 1977 946 1462
f 1977 427 67
f 1977 1477 427
f 807 1977 67
f 946 1977 807
f 1477 1365 202
f 1365 1477 1751
f 982 1365 1751
f 1364 1639 1660
f 1639 1364 348
f 1717 1364 1660
f 348 1364 1717
f 378 1568 1453
f 35 378 1453
f 90 1229 154
f 1229 1787 391
f 394 1474 1432
f 1474 1741 1231
f 1741 1474 394
f 495 394 1432
f 855 495 1432
f 1913 50 1838
f 1652 1913 257
f 1652 1182 50
f 1913 1652 50
f 658 1132 226
f 658 676 1132
f 658 246 97
f 676 658 97
f 956 1388 1500
f 25 956 1500
f 1401 956 526
f 413 1873 526
f 1403 1730 1208
f 1849 1197 1766
f 874 119 1824
f 1907 704 1116
f 704 1247 1116
f 1247 704 1208
f 704 1907 1421
f 689 704 1421
f 704 1403 1208
f 1403 704 689
f 258 466 577
f 258 577 1793
f 863 310 725
f 863 1042 310
f 183 863 725
f 1042 369 310
f 369 373 310
f 676 1827 398
f 1827 1510 398
f 1510 1827 183
f 1827 676 97
f 1042 1827 97
f 1827 863 183
f 863 1827 1042
f 1048 1385 1807
f 1510 1048 312
f 1048 1807 312
f 1048 1510 183
f 1385 1048 183
f 1930 1118 445
f 1948 1930 445
f 1930 1948 162
f 1059 1930 162
f 471 407 882
f 471 882 1352
f 1965 471 1352
f 407 592 882
f 107 592 353
f 592 107 882
f 592 407 445
f 592 1118 353
f 1118 592 445
f 543 1631 882
f 1185 543 882
f 73 270 1836
f 1836 270 1239
f 270 1781 1239
f 1607 270 827
f 270 1607 1781
f 14 1176 1213
f 1176 14 1980
f 14 1781 1980
f 1781 14 1239
f 14 1899 1239
f 14 1213 1899
f 984 1074 1980
f 984 107 1074
f 984 1980 1992
f 1185 984 1992
f 984 1185 882
f 107 984 882
f 1948 1040 162
f 1040 30 162
f 1040 1948 633
f 210 1040 633
f 1837 47 1796
f 47 1837 439
f 264 1837 1796
f 439 1837 111
f 1837 264 111
f 748 994 575
f 692 748 575
f 748 692 994
f 251 1843 701
f 1843 1557 1834
f 1843 994 701
f 1528 1843 1834
f 1843 1528 994
f 623 1843 251
f 1843 623 1557
f 454 1999 1681
f 1019 406 1773
f 406 1019 1565
f 1999 1019 161
f 1492 1019 1773
f 1710 539 781
f 539 1710 881
f 1028 251 741
f 1035 1783 1681
f 1770 417 1455
f 417 127 1455
f 1936 1305 1589
f 1305 1770 1589
f 417 1305 242
f 1305 417 1770
f 1504 1813 1443
f 1455 1504 1443
f 127 1504 1455
f 703 1504 63
f 1813 1504 703
f 1260 1777 1589
f 1777 1260 279
f 279 1260 1087
f 1770 1260 1589
f 1260 1455 1087
f 1260 1770 1455
f 1148 130 507
f 1777 1148 507
f 1441 383 1819
f 383 1441 1155
f 949 1939 1743
f 1939 969 1743
f 1939 949 1910
f 1618 1627 210
f 1543 1618 758
f 1627 1618 746
f 1618 1543 746
f 407 734 633
f 471 734 407
f 734 471 156
f 1331 156 537
f 969 1375 1743
f 1375 1799 1743
f 406 953 527
f 68 953 1346
f 953 406 1346
f 1839 1434 1897
f 1012 894 1346
f 894 54 68
f 1510 931 398
f 1698 931 1510
f 931 1698 577
f 466 931 577
f 931 466 398
f 1587 1763 652
f 1663 1587 652
f 282 530 1818
f 530 1663 1818
f 892 909 1799
f 909 1587 1663
f 909 530 282
f 530 909 1663
f 909 892 1763
f 1587 909 1763
f 1476 652 1438
f 1476 873 652
f 1045 1476 1438
f 1476 1045 331
f 873 1476 331
f 264 1109 312
f 873 1109 264
f 1109 1026 312
f 1026 1109 1368
f 1109 731 1368
f 1109 873 731
f 1035 590 977
f 590 180 977
f 590 1035 161
f 180 590 1492
f 1019 590 161
f 590 1019 1492
f 1771 1021 1595
f 1021 1771 1492
f 164 233 1834
f 233 1528 1834
f 1528 233 279
f 317 623 1534
f 623 317 1557
f 1557 317 1834
f 317 164 1834
f 301 643 84
f 233 301 84
f 301 233 164
f 301 977 643
f 1192 1093 1571
f 1093 1228 1571
f 1228 1093 1972
f 1972 1093 1083
f 1093 1192 1083
f 1928 963 155
f 1928 1945 963
f 1121 1928 155
f 1945 516 963
f 1686 1543 758
f 1543 1686 1830
f 1686 55 1830
f 185 1686 758
f 55 1686 185
f 1107 1830 1124
f 1107 1543 1830
f 1543 1107 746
f 1729 13 1469
f 1102 1879 196
f 332 1102 196
f 1879 1102 1280
f 1586 166 1443
f 1813 1586 1443
f 166 1586 196
f 1586 332 196
f 1586 1813 332
f 1284 1312 298
f 1847 1312 1284
f 1536 929 842
f 1536 816 929
f 1358 1579 87
f 1724 1358 87
f 57 1724 929
f 57 1358 1724
f 57 1302 1579
f 1358 57 1579
f 811 57 531
f 57 929 531
f 1399 1724 87
f 1724 1399 842
f 1402 203 428
f 203 1402 244
f 203 899 428
f 899 203 244
f 1402 128 955
f 1111 792 1108
f 1111 517 792
f 1214 1111 1108
f 363 1214 1108
f 1316 363 1108
f 991 852 1917
f 991 1886 691
f 991 1684 1886
f 1756 1175 1276
f 1175 1891 1276
f 48 1175 1756
f 1891 1175 48
f 48 1409 1025
f 1409 48 1756
f 1111 1409 517
f 1409 1214 1025
f 1409 1111 1214
f 595 1842 1917
f 595 1917 645
f 595 645 428
f 165 595 428
f 595 165 524
f 21 1871 1970
f 1656 21 1970
f 1871 21 825
f 21 1656 825
f 1464 1656 596
f 699 1396 779
f 1097 1396 699
f 779 1396 431
f 1396 1097 431
f 1871 118 1970
f 118 1481 1970
f 557 118 1384
f 118 1871 1384
f 840 598 934
f 840 671 598
f 671 840 1010
f 52 1757 1614
f 1757 165 1952
f 561 1757 1952
f 1757 561 1614
f 1592 938 1137
f 636 52 296
f 636 1071 520
f 1071 1588 520
f 1588 1071 193
f 1691 1190 1531
f 1190 1691 712
f 775 1360 1424
f 1360 775 925
f 31 1959 925
f 671 996 1709
f 1709 996 1279
f 1329 594 1206
f 594 1329 416
f 843 1329 1206
f 1329 843 416
f 688 1626 303
f 1878 1626 1965
f 303 1626 1219
f 1219 1626 1395
f 1626 1878 1395
f 1794 1258 321
f 1222 1794 194
f 1794 1222 606
f 1258 1794 606
f 1794 1733 194
f 1733 1794 321
f 780 545 60
f 545 780 700
f 1184 545 700
f 545 1184 919
f 304 697 1801
f 304 1934 697
f 414 304 1801
f 1934 304 414
f 502 395 1491
f 1399 29 842
f 1574 667 934
f 667 705 934
f 667 1249 1905
f 667 1574 1249
f 716 1115 170
f 1115 458 170
f 1115 716 476
f 1288 1115 476
f 458 12 1931
f 9 11 1921
f 11 1452 1921
f 11 9 660
f 1524 1452 209
f 1452 1524 300
f 1967 1465 932
f 648 1016 346
f 1738 648 346
f 207 648 1041
f 555 1057 1226
f 593 555 1226
f 1082 555 70
f 555 593 70
f 1057 367 1318
f 367 815 1318
f 890 367 1057
f 367 890 1923
f 367 1923 1354
f 916 1078 1354
f 1071 496 1267
f 496 1508 1267
f 636 496 1071
f 1508 496 296
f 496 636 296
f 1851 100 193
f 100 1851 1496
f 100 1637 193
f 100 1933 1146
f 100 1496 1933
f 153 1071 1267
f 153 1851 1071
f 1851 153 229
f 1599 153 1267
f 229 153 1599
f 1179 666 932
f 1179 861 666
f 1465 1179 932
f 1078 1179 1465
f 861 1179 916
f 1179 1078 916
f 121 690 403
f 121 1099 690
f 352 121 403
f 1099 121 352
f 1238 1555 44
f 1238 267 1555
f 811 1238 44
f 1238 811 531
f 267 1238 1415
f 1909 1583 143
f 1909 1233 1583
f 560 1909 143
f 1233 1909 560
f 1006 505 1554
f 1895 505 352
f 505 1895 541
f 505 1906 1554
f 1599 505 541
f 505 1599 101
f 1779 505 101
f 1906 505 1779
f 133 1099 352
f 505 133 352
f 133 505 1006
f 1099 133 1000
f 133 440 1000
f 133 1302 440
f 133 1006 1302
f 999 1313 684
f 1313 999 1561
f 179 438 1473
f 386 179 1473
f 438 179 1149
f 179 386 1149
f 782 1095 1812
f 782 1812 254
f 723 782 254
f 1506 723 668
f 1506 782 723
f 782 1506 1095
f 1090 1008 1728
f 1728 1008 1281
f 1008 206 1281
f 206 1008 1978
f 1008 1090 1978
f 1940 333 570
f 1383 1014 1245
f 114 1383 1245
f 1968 1383 114
f 1911 1940 570
f 260 1659 1539
f 1659 260 1791
f 260 512 1297
f 260 99 1791
f 16 260 1297
f 99 260 16
f 930 954 1194
f 954 930 958
f 930 1791 958
f 512 1467 1350
f 1467 570 1020
f 1467 1911 570
f 1911 1467 512
f 1682 1467 1020
f 1467 1682 1833
f 1350 1467 1833
f 870 1351 1350
f 1351 1054 1350
f 1054 1351 3
f 3 1351 37
f 37 1351 23
f 1351 870 23
f 1085 1968 1199
f 1748 1085 1199
f 1085 1383 1968
f 31 79 1653
f 79 31 845
f 88 1005 682
f 1005 88 534
f 1013 88 682
f 318 88 1013
f 1274 318 1013
f 1266 806 1561
f 728 124 17
f 1828 1460 58
f 742 1460 1914
f 566 1828 835
f 735 1005 58
f 1005 1929 682
f 1929 1013 682
f 1991 945 820
f 1991 1754 446
f 1470 988 419
f 893 1558 1070
f 893 1379 1815
f 568 1253 1002
f 791 453 1814
f 453 769 1814
f 769 453 609
f 722 769 609
f 453 722 609
f 1922 36 1944
f 1963 1922 1661
f 1922 1963 1540
f 1095 1922 1540
f 1922 1095 36
f 1963 468 1540
f 80 1038 1130
f 1447 94 446
f 94 1447 1050
f 1050 1447 1973
f 1447 1754 1973
f 1754 1447 446
f 1542 201 1181
f 1542 1181 316
f 1581 1542 316
f 1644 600 1752
f 600 1644 1390
f 1634 1983 1171
f 385 1872 1580
f 1872 173 1580
f 1872 385 833
f 617 376 1563
f 1061 205 1170
f 205 1106 1170
f 600 205 1752
f 205 600 1106
f 1600 1340 824
f 1 1600 824
f 1591 694 1340
f 1591 488 694
f 1600 1591 1340
f 1591 1600 1
f 1591 1 168
f 488 1591 168
f 125 970 1300
f 1114 125 1300
f 125 1114 362
f 1114 1300 1318
f 815 1114 1318
f 1114 544 362
f 362 544 1341
f 544 1115 1341
f 1466 1058 510
f 536 1058 1466
f 1058 1640 510
f 1058 339 1640
f 339 1058 1332
f 1058 536 1332
f 563 1616 1332
f 536 563 1332
f 970 563 1585
f 1616 563 970
f 563 536 1466
f 1016 144 346
f 144 890 346
f 890 144 1923
f 91 1122 1349
f 1122 737 1349
f 799 1466 1215
f 992 1082 70
f 1207 1547 1585
f 1547 1207 674
f 1029 1501 1082
f 726 1501 809
f 1501 1029 809
f 585 1573 1379
f 585 459 420
f 893 585 1379
f 459 585 1070
f 585 893 1070
f 538 327 1525
f 774 538 1349
f 737 774 1349
f 774 737 1848
f 774 144 1016
f 1881 207 538
f 1881 774 1016
f 774 1881 538
f 648 1881 1016
f 1881 648 207
f 1892 940 1848
f 737 1892 1848
f 1122 1892 737
f 1374 1420 342
f 1420 1374 1137
f 91 1321 342
f 1885 1321 91
f 26 224 1885
f 1845 1885 1311
f 1845 26 1885
f 459 1845 1311
f 26 1845 459
f 436 26 459
f 1575 328 979
f 1822 328 1575
f 328 73 979
f 328 270 73
f 328 1822 827
f 270 328 827
f 749 1507 987
f 1180 749 987
f 749 1180 1507
f 724 1386 295
f 540 902 946
f 997 540 1136
f 745 559 1136
f 295 745 807
f 1301 1520 823
f 559 1520 1721
f 1520 1334 1721
f 1334 1520 1956
f 1520 1301 1956
f 326 1702 924
f 1044 1938 347
f 1938 1044 1702
f 1938 1960 348
f 338 924 1665
f 1003 710 1955
f 710 1003 1915
f 1003 962 1065
f 962 1003 1955
f 330 1003 1065
f 1003 330 1685
f 1915 1003 1685
f 1250 710 1915
f 484 649 1544
f 803 1330 1544
f 56 1330 803
f 1330 484 1544
f 484 1330 56
f 1578 768 460
f 1578 901 768
f 1159 1578 460
f 1636 1578 1159
f 901 1578 1636
f 1065 1564 1877
f 962 1564 1065
f 1564 937 1568
f 1564 90 1877
f 1564 1568 90
f 1787 985 391
f 1076 184 1745
f 1606 184 765
f 184 1606 1745
f 1651 1745 787
f 1651 981 1745
f 1651 1538 644
f 1651 644 860
f 981 1651 860
f 1854 1651 787
f 1538 1651 1854
f 1538 1533 962
f 1533 1564 962
f 1564 1533 937
f 1533 35 937
f 35 1533 247
f 1533 1538 247
f 1662 644 857
f 1662 1461 644
f 382 1662 857
f 1461 1662 382
f 237 344 1838
f 1741 1551 174
f 1551 344 174
f 1551 1741 257
f 344 1551 1838
f 1551 1913 1838
f 1913 1551 257
f 199 225 1809
f 1195 1849 1766
f 605 1195 1766
f 1195 605 1515
f 1079 311 1984
f 311 131 1984
f 311 497 131
f 311 823 629
f 497 311 629
f 497 69 131
f 119 620 1824
f 620 336 1824
f 336 730 1824
f 730 1735 1824
f 730 1386 724
f 1394 1997 1605
f 1997 1519 1605
f 1562 1394 663
f 868 1562 907
f 1144 673 1457
f 397 1997 1394
f 1997 397 1519
f 1562 397 1394
f 397 1562 868
f 1817 907 292
f 1817 868 907
f 673 1817 1264
f 1144 1817 673
f 1817 1144 868
f 1084 1817 292
f 1817 1084 1264
f 66 297 95
f 1301 297 1956
f 297 1475 1956
f 297 66 1475
f 297 1301 1166
f 95 297 1201
f 738 410 839
f 1865 66 95
f 1242 1865 467
f 66 1865 1242
f 1749 1803 1169
f 1169 1803 1984
f 1803 1749 584
f 115 509 1145
f 1011 115 855
f 509 1015 952
f 1015 1229 391
f 1015 509 154
f 1229 1015 154
f 1182 1327 50
f 1327 1217 50
f 1327 1182 1145
f 509 1327 1145
f 1327 509 952
f 1749 610 1193
f 610 286 1193
f 610 1749 853
f 286 822 1193
f 1160 1327 952
f 1327 1160 1217
f 610 1160 286
f 324 651 877
f 651 1621 1417
f 877 651 1417
f 462 849 1134
f 462 1576 849
f 462 112 1720
f 462 1720 1407
f 1576 462 1407
f 1850 1630 586
f 1176 1850 586
f 1850 1876 1630
f 1876 1850 1059
f 8 790 1862
f 8 1370 790
f 1630 8 1862
f 1876 8 1630
f 8 1876 680
f 1370 8 680
f 1998 1134 1962
f 1977 1998 1962
f 1998 1977 1462
f 902 1998 1462
f 1998 902 1134
f 354 1896 866
f 90 1896 1877
f 1896 90 154
f 866 1896 154
f 1727 1896 354
f 1727 1065 1877
f 1896 1727 1877
f 1060 1727 354
f 1727 1060 1065
f 483 378 35
f 483 985 1787
f 483 35 391
f 985 483 391
f 1229 1785 1787
f 1785 483 1787
f 483 1785 378
f 1785 1229 90
f 1568 1785 90
f 378 1785 1568
f 558 956 1401
f 956 558 1388
f 1706 174 1870
f 1985 689 285
f 1985 1403 689
f 1985 1706 1403
f 1873 1985 285
f 1730 356 1870
f 1403 356 1730
f 356 1706 1870
f 1706 356 1403
f 1730 957 1208
f 1197 957 1730
f 957 1197 821
f 957 1247 1208
f 1247 957 34
f 957 821 34
f 973 1197 1849
f 1197 973 821
f 821 973 199
f 973 225 199
f 225 973 1849
f 1132 1700 226
f 186 1700 1132
f 1620 1132 398
f 1620 186 1132
f 466 1620 398
f 258 1800 466
f 369 1413 373
f 373 1413 1421
f 1413 689 1421
f 1971 1042 97
f 1971 369 1042
f 156 1345 537
f 471 1345 156
f 1345 1331 537
f 1345 1626 1331
f 1345 471 1965
f 1626 1345 1965
f 1631 1736 1669
f 543 1736 1631
f 1736 543 1185
f 1537 567 210
f 567 1537 234
f 30 567 234
f 623 1602 1534
f 1602 623 251
f 1028 1602 251
f 1129 597 266
f 1019 1227 1565
f 1227 1019 1999
f 454 1227 1999
f 597 1227 454
f 539 302 781
f 302 539 1035
f 302 164 781
f 302 1035 977
f 377 539 881
f 539 377 1035
f 1602 1435 1534
f 1435 1602 1028
f 1710 851 1489
f 1489 851 741
f 851 1028 741
f 1435 851 1710
f 851 1435 1028
f 1304 417 242
f 417 1304 127
f 1304 587 63
f 1504 1304 63
f 1304 1504 127
f 587 1304 1469
f 335 1304 242
f 1265 383 1155
f 335 1265 1155
f 383 1265 1936
f 1265 335 242
f 1148 1425 130
f 1425 1148 1777
f 1425 1777 279
f 130 1425 84
f 1425 233 84
f 233 1425 279
f 1155 1411 1910
f 1441 1411 1155
f 1411 1441 1819
f 1755 604 210
f 604 1618 210
f 1856 1331 185
f 1755 1856 758
f 1856 185 758
f 1331 905 156
f 905 734 156
f 905 1856 1755
f 1856 905 1331
f 905 1755 633
f 734 905 633
f 892 1064 1714
f 1064 892 1799
f 1375 1064 1799
f 81 1597 1498
f 1263 81 1498
f 1863 1012 1346
f 1012 1863 1434
f 1853 1863 1346
f 1863 1853 1434
f 1434 1853 1498
f 1853 1263 1498
f 1598 1839 1897
f 1544 1598 1897
f 649 1598 1544
f 1012 215 894
f 1839 215 1434
f 215 1012 1434
f 238 401 334
f 401 894 334
f 401 54 894
f 54 1404 68
f 1404 953 68
f 953 1404 527
f 198 909 282
f 909 198 1799
f 1799 198 234
f 198 30 234
f 30 198 282
f 1658 180 1492
f 1771 1658 1492
f 180 1658 643
f 643 1658 1595
f 1658 1771 1595
f 281 317 1534
f 281 1710 781
f 164 281 781
f 317 281 164
f 1928 511 1945
f 169 1688 1344
f 1688 169 1025
f 1688 1025 1323
f 581 1688 1323
f 1309 516 1945
f 1769 810 117
f 810 1769 1125
f 1769 581 1125
f 1007 587 1469
f 13 1007 1469
f 1649 222 587
f 1007 1649 587
f 1649 1007 13
f 1649 13 1729
f 1946 1289 1280
f 1102 1946 1280
f 1946 1690 1289
f 1128 1067 1415
f 1128 1184 218
f 1067 1128 218
f 1423 1238 531
f 1238 1423 1415
f 816 1423 531
f 1536 1423 816
f 1423 1128 1415
f 1128 1423 1536
f 1982 1829 811
f 1829 57 811
f 59 1829 1982
f 1829 59 440
f 1302 1829 440
f 57 1829 1302
f 1123 1399 87
f 1123 1402 955
f 784 1123 87
f 1123 784 244
f 1402 1123 244
f 1204 128 1402
f 217 1204 428
f 1204 1402 428
f 664 1692 691
f 1692 664 149
f 1692 1463 691
f 1842 573 1917
f 573 991 1917
f 573 1842 1431
f 1684 573 1431
f 991 573 1684
f 852 532 792
f 991 532 852
f 532 1316 792
f 1316 532 691
f 532 991 691
f 1397 589 801
f 517 1397 801
f 1409 1397 517
f 1866 921 589
f 1866 1397 1409
f 921 1866 1756
f 1866 1409 1756
f 1842 252 546
f 1531 252 72
f 546 252 1531
f 1464 832 1656
f 832 598 825
f 1656 832 825
f 576 574 557
f 574 118 557
f 1189 840 934
f 840 1189 1010
f 887 1546 434
f 434 1546 217
f 1546 1204 217
f 128 1546 1974
f 1204 1546 128
f 1572 434 298
f 1572 887 434
f 418 1757 52
f 418 52 181
f 165 418 524
f 1757 418 165
f 524 418 1387
f 418 181 72
f 418 252 1387
f 252 418 72
f 618 1232 1637
f 1232 938 1637
f 938 1232 1137
f 1203 938 1592
f 727 1203 1218
f 1203 727 938
f 1637 1343 193
f 1343 1588 193
f 775 1027 925
f 1959 1622 910
f 1622 1959 31
f 1888 1959 910
f 1888 910 429
f 891 1888 429
f 1959 337 925
f 337 1360 925
f 337 858 1360
f 1888 337 1959
f 337 1888 858
f 1312 1140 298
f 1140 1312 1847
f 1140 1847 1279
f 996 1140 1279
f 96 688 998
f 96 1626 688
f 55 96 998
f 96 55 185
f 1331 96 185
f 1626 96 1331
f 613 1947 321
f 1947 1733 321
f 1947 613 365
f 1947 365 194
f 1733 1947 194
f 148 502 60
f 395 148 919
f 148 395 502
f 29 1167 842
f 1167 1536 842
f 1167 1128 1536
f 1689 29 1399
f 128 1689 955
f 1689 128 1974
f 1689 1123 955
f 1123 1689 1399
f 1707 1546 887
f 1184 1567 919
f 711 1567 705
f 1567 1167 705
f 1128 1567 1184
f 1167 1567 1128
f 1795 502 1491
f 1795 1860 695
f 1860 1795 1905
f 60 1795 695
f 502 1795 60
f 1647 1288 1252
f 1647 1115 1288
f 1341 1647 1252
f 1115 1647 1341
f 1036 458 739
f 1036 12 458
f 1036 1524 12
f 1036 739 231
f 1524 1036 231
f 1704 1797 1646
f 1797 209 1646
f 1931 1797 1704
f 12 1797 1931
f 1797 1524 209
f 1524 1797 12
f 1452 1989 209
f 11 1989 1452
f 1989 11 660
f 1646 1989 660
f 209 1989 1646
f 815 1178 300
f 1178 815 1075
f 1178 1967 1950
f 1178 1465 1967
f 555 1210 1057
f 1210 555 1738
f 1210 890 1057
f 890 1210 1738
f 367 33 815
f 815 33 1075
f 33 1078 1075
f 33 367 1354
f 1078 33 1354
f 1266 1961 1030
f 999 1961 1561
f 1961 1266 1561
f 1994 1731 684
f 1731 999 684
f 999 1731 1994
f 1095 750 36
f 1506 750 1095
f 750 1506 668
f 721 750 668
f 750 721 36
f 103 1090 422
f 103 333 1090
f 103 1682 1020
f 103 422 1682
f 1090 554 1978
f 333 554 1090
f 554 1940 1978
f 554 333 1940
f 1014 708 1348
f 1383 708 1014
f 708 1127 1348
f 708 1748 1127
f 708 1085 1748
f 1085 708 1383
f 1940 1133 1539
f 1911 1133 1940
f 1133 260 1539
f 1133 1911 512
f 260 1133 512
f 1788 1659 1791
f 930 1788 1791
f 1788 930 1194
f 1539 1788 1194
f 1659 1788 1539
f 1653 933 1142
f 79 933 1653
f 1961 1427 1030
f 201 1427 1680
f 1427 1274 1680
f 1274 1427 318
f 1427 1961 318
f 759 791 1814
f 791 759 777
f 740 124 728
f 124 740 1336
f 1422 740 728
f 740 1422 795
f 1336 740 1889
f 740 795 1889
f 124 248 17
f 769 248 1814
f 248 769 17
f 248 1256 1814
f 1256 248 1336
f 248 124 1336
f 529 735 58
f 1460 529 58
f 529 1460 742
f 1625 1929 1005
f 1625 529 742
f 735 1625 1005
f 529 1625 735
f 1932 742 446
f 945 1183 820
f 1183 1470 820
f 1470 1183 988
f 566 49 1828
f 49 945 1828
f 49 1183 945
f 1183 49 988
f 988 49 835
f 49 566 835
f 769 1269 17
f 1269 1237 17
f 1237 1147 1973
f 1237 1269 1147
f 657 1237 1973
f 1470 27 820
f 61 419 1130
f 1038 61 1130
f 213 212 1815
f 212 893 1815
f 791 1105 607
f 1105 1328 607
f 1105 791 777
f 1253 139 883
f 568 139 1253
f 139 607 883
f 139 568 607
f 455 568 1002
f 722 455 1002
f 455 722 453
f 568 455 607
f 455 791 607
f 455 453 791
f 1152 1922 1944
f 1922 1152 1661
f 1050 1152 1944
f 1253 375 1002
f 375 468 1002
f 375 1253 1540
f 468 375 1540
f 468 1437 1002
f 1437 1147 1002
f 1147 1437 1973
f 1152 1437 1661
f 1437 1050 1973
f 1437 1152 1050
f 523 1963 1661
f 523 468 1963
f 1437 523 1661
f 523 1437 468
f 756 80 835
f 756 1025 1142
f 795 464 1889
f 464 1373 1889
f 1542 632 201
f 1106 1679 1478
f 600 1679 1106
f 1679 600 1390
f 1679 607 1478
f 1679 1390 607
f 1106 486 1170
f 1634 486 1106
f 1784 486 1171
f 486 1634 1171
f 812 256 833
f 256 1872 833
f 65 256 812
f 256 65 1958
f 256 1958 10
f 376 1601 1563
f 486 1601 1170
f 1601 486 1784
f 1601 927 1563
f 1601 1784 927
f 1499 1808 617
f 1808 376 617
f 376 1808 1061
f 1808 205 1061
f 844 362 611
f 844 125 362
f 970 844 611
f 125 844 970
f 1115 283 458
f 544 283 1115
f 884 544 1114
f 884 283 544
f 458 884 739
f 283 884 458
f 940 132 1848
f 132 774 1848
f 774 132 144
f 1923 340 1802
f 144 340 1923
f 340 132 1802
f 132 340 144
f 322 1122 91
f 322 91 342
f 1420 322 342
f 928 563 1466
f 799 928 1466
f 563 928 1585
f 928 1207 1585
f 1207 928 674
f 1672 992 70
f 1547 1672 70
f 1672 1547 674
f 928 475 674
f 475 928 799
f 475 1672 674
f 1672 475 992
f 1747 555 1082
f 1501 1747 1082
f 1747 726 1041
f 1747 1501 726
f 1573 964 1525
f 585 964 1573
f 964 420 1525
f 964 585 420
f 693 327 538
f 693 207 366
f 207 693 538
f 1516 1892 1122
f 1892 1516 940
f 1716 1592 1137
f 1374 1716 1137
f 1321 614 342
f 272 1321 1885
f 224 272 1885
f 272 224 1292
f 614 272 1292
f 272 614 1321
f 869 219 1774
f 1173 436 459
f 436 1173 349
f 436 433 26
f 433 224 26
f 433 869 1774
f 224 433 1774
f 1051 1151 370
f 621 1051 370
f 1151 1780 370
f 1389 1716 1440
f 1211 1667 437
f 22 140 698
f 1386 1254 295
f 823 1254 629
f 1034 724 427
f 605 1034 427
f 1735 1034 605
f 1034 730 724
f 730 1034 1735
f 89 874 1824
f 1735 89 1824
f 1197 89 1766
f 89 605 1766
f 89 1735 605
f 89 1197 1730
f 874 89 1730
f 1293 540 946
f 540 1293 1136
f 1293 946 807
f 745 1293 807
f 1293 745 1136
f 540 493 902
f 493 997 1448
f 493 540 997
f 911 745 295
f 745 911 559
f 911 1520 559
f 1254 911 295
f 1520 911 823
f 911 1254 823
f 326 1894 1702
f 1722 1938 348
f 192 1722 1381
f 1722 1717 1381
f 1722 348 1717
f 372 1722 192
f 1722 372 238
f 1380 1894 326
f 1380 326 924
f 338 1380 924
f 1333 338 771
f 1639 1333 771
f 1333 1639 348
f 1960 1333 348
f 1380 1333 1960
f 1333 1380 338
f 134 1250 1915
f 134 1915 771
f 875 134 771
f 1250 1032 265
f 1032 134 875
f 134 1032 1250
f 710 1471 1624
f 1250 1471 710
f 1471 1250 265
f 1624 1471 1665
f 1471 906 1665
f 906 1471 265
f 1979 484 56
f 1979 1044 347
f 1979 56 1044
f 649 1979 347
f 484 1979 649
f 184 157 765
f 874 900 119
f 900 237 119
f 900 1730 1870
f 900 874 1730
f 1725 1515 202
f 1365 1725 202
f 1725 1365 982
f 1725 982 1809
f 225 1725 1809
f 1195 642 1849
f 642 1195 1515
f 642 225 1849
f 1725 642 1515
f 642 1725 225
f 1711 1079 1166
f 1711 311 1079
f 823 1711 1166
f 311 1711 823
f 69 733 131
f 620 733 336
f 862 69 497
f 733 862 336
f 862 733 69
f 862 730 336
f 730 862 1386
f 1611 1144 1457
f 1519 1069 191
f 397 1069 1519
f 1611 1069 1144
f 1144 1069 868
f 1069 397 868
f 191 1069 1457
f 1069 1611 1457
f 907 986 839
f 986 738 839
f 384 1562 663
f 452 1623 1193
f 822 452 1193
f 634 1015 391
f 1612 1865 95
f 1612 941 467
f 1865 1612 467
f 1612 95 1201
f 1778 1612 1201
f 675 1612 1778
f 1612 675 941
f 1803 1456 1984
f 1456 1079 1984
f 1079 1456 1166
f 1456 297 1166
f 297 1456 1201
f 1456 1778 1201
f 1456 1803 1778
f 1623 702 584
f 1826 675 1778
f 1803 1826 1778
f 1826 702 675
f 1826 1803 584
f 702 1826 584
f 509 1942 154
f 115 1942 509
f 1015 1988 952
f 634 1988 1015
f 275 551 853
f 551 610 853
f 551 275 1154
f 551 1160 610
f 1217 551 1154
f 1160 551 1217
f 822 1617 278
f 1617 822 286
f 1160 1617 286
f 1617 1160 952
f 1617 1988 278
f 1988 1617 952
f 421 822 278
f 1988 421 278
f 421 1988 634
f 109 324 1621
f 651 109 1621
f 109 651 324
f 1723 462 1134
f 462 1723 112
f 902 1723 1134
f 493 1723 902
f 112 1723 1448
f 1723 493 1448
f 514 1176 1074
f 514 1850 1176
f 1850 514 1059
f 514 1074 353
f 1118 514 353
f 1930 514 1118
f 514 1930 1059
f 802 1060 1444
f 802 1444 1685
f 330 802 1685
f 802 330 1065
f 1060 802 1065
f 1011 616 1306
f 1113 616 1011
f 616 1060 354
f 616 1113 1060
f 1230 1011 855
f 1230 1113 1011
f 1230 855 1432
f 495 435 394
f 435 495 855
f 145 435 855
f 608 145 1652
f 394 608 257
f 608 1652 257
f 435 608 394
f 608 435 145
f 1182 150 1145
f 1652 150 1182
f 115 276 855
f 276 145 855
f 276 115 1145
f 150 276 1145
f 145 276 1652
f 276 150 1652
f 558 1695 1388
f 1695 558 918
f 1388 1695 1500
f 1695 25 1500
f 25 1695 479
f 1695 918 479
f 246 1949 1401
f 1949 558 1401
f 1949 658 226
f 658 1949 246
f 558 1949 918
f 1706 320 174
f 1741 320 1231
f 320 1741 174
f 287 1700 186
f 1620 287 186
f 535 1413 369
f 1971 535 369
f 255 764 1185
f 764 1736 1185
f 1736 764 1669
f 764 1156 1669
f 1156 764 959
f 764 255 959
f 1040 950 30
f 950 567 30
f 950 1040 210
f 567 950 210
f 597 942 266
f 942 597 454
f 942 1783 1212
f 942 454 1681
f 1783 942 1681
f 266 942 1570
f 942 1212 1570
f 1597 626 1129
f 626 597 1129
f 1604 301 164
f 302 1604 164
f 301 1604 977
f 1604 302 977
f 1419 1783 1035
f 377 1419 1035
f 1783 1419 1212
f 1212 1419 1570
f 1419 1188 1570
f 1419 881 1188
f 1419 377 881
f 1304 788 1469
f 788 1304 335
f 788 1155 1469
f 788 335 1155
f 1305 966 242
f 966 1265 242
f 966 1305 1936
f 1265 966 1936
f 818 1755 758
f 818 604 1755
f 1618 818 758
f 604 818 1618
f 1981 135 1819
f 135 1411 1819
f 135 1064 1375
f 773 81 1565
f 81 773 1597
f 626 773 1565
f 773 626 1597
f 216 406 1565
f 81 216 1565
f 216 81 1263
f 1853 216 1263
f 406 216 1346
f 216 1853 1346
f 215 1322 894
f 1598 1322 1839
f 1322 649 894
f 1322 1598 649
f 1668 1404 54
f 1449 1435 1710
f 281 1449 1710
f 1435 1449 1534
f 1449 281 1534
f 511 1324 1344
f 1324 511 1928
f 1324 1121 1344
f 1324 1928 1121
f 1309 1104 1290
f 1104 511 1344
f 511 1104 1945
f 1104 1309 1945
f 1688 1104 1344
f 1104 1688 1290
f 448 1688 581
f 1688 448 1290
f 222 599 703
f 1649 599 222
f 1690 599 1124
f 444 1102 332
f 444 1946 1102
f 444 332 703
f 599 444 703
f 1946 444 1690
f 444 599 1690
f 1360 1715 691
f 1715 664 691
f 858 1715 1360
f 664 836 149
f 836 1715 858
f 1715 836 664
f 1056 363 1316
f 1056 1316 691
f 1463 1056 691
f 1299 891 1214
f 891 1299 149
f 1397 175 589
f 175 1866 589
f 1866 175 1397
f 595 1296 1842
f 1296 252 1842
f 1296 595 524
f 832 763 598
f 763 832 1464
f 598 763 1072
f 763 596 1072
f 763 1464 596
f 118 113 1481
f 574 113 118
f 1481 113 576
f 113 574 576
f 1168 996 671
f 1168 1140 996
f 1168 1572 298
f 1140 1168 298
f 712 1066 1424
f 1066 775 1424
f 1645 636 520
f 727 1645 520
f 636 1645 52
f 938 289 1637
f 727 289 938
f 289 1343 1637
f 289 727 520
f 1588 289 520
f 1343 289 1588
f 204 1027 775
f 1066 204 775
f 204 621 370
f 1027 204 370
f 31 1937 845
f 1937 31 925
f 1027 1937 925
f 1549 31 1653
f 1549 1622 31
f 1549 1653 1142
f 910 1549 1142
f 1622 1549 910
f 545 1414 60
f 1414 148 60
f 1414 545 919
f 148 1414 919
f 1167 473 705
f 473 1167 29
f 1546 1633 1974
f 1707 1633 1546
f 659 1633 1707
f 1189 176 887
f 176 1707 887
f 176 1189 934
f 705 176 934
f 473 176 705
f 865 1567 711
f 1567 865 919
f 865 395 919
f 395 865 1491
f 1676 1795 1491
f 865 1676 1491
f 1676 865 711
f 1244 1178 1075
f 1178 1244 1465
f 1078 1244 1075
f 1244 1078 1465
f 300 1117 1393
f 1178 1117 300
f 1117 1950 1393
f 1117 1178 1950
f 83 1961 999
f 83 1994 534
f 83 999 1994
f 1961 83 318
f 88 83 534
f 83 88 318
f 1857 103 1020
f 103 1857 333
f 570 1857 1020
f 333 1857 570
f 933 411 1142
f 411 140 1142
f 140 411 1077
f 411 79 845
f 411 933 79
f 878 1422 728
f 61 878 728
f 878 61 1038
f 756 1162 80
f 1422 1162 795
f 1256 358 1814
f 358 759 1814
f 1514 358 1256
f 1514 1336 1889
f 1514 1256 1336
f 341 1460 1828
f 1460 341 1914
f 341 472 1914
f 945 715 1828
f 715 1991 1914
f 715 945 1991
f 94 1094 446
f 1094 1932 446
f 1094 94 1680
f 1063 1625 742
f 1932 1063 742
f 1625 1063 1929
f 722 480 769
f 480 1269 769
f 1269 480 1147
f 1147 480 1002
f 480 722 1002
f 1033 1991 820
f 27 1033 820
f 751 27 1470
f 751 1470 419
f 61 751 419
f 1105 1241 1328
f 1558 1241 777
f 1241 1105 777
f 896 140 22
f 896 756 1142
f 140 896 1142
f 477 22 698
f 477 1187 22
f 785 477 698
f 1018 961 556
f 219 961 1018
f 6 1410 1373
f 550 464 795
f 1867 896 630
f 896 1867 756
f 235 1266 1030
f 211 1427 201
f 632 211 201
f 235 211 632
f 1427 211 1030
f 211 235 1030
f 1382 632 1542
f 806 1382 1581
f 1382 1542 1581
f 1266 1382 806
f 235 1382 1266
f 1382 235 632
f 1869 1634 1106
f 1052 1106 1478
f 1052 1869 1106
f 1869 1052 856
f 607 1052 1478
f 1328 1052 607
f 1634 1235 1983
f 1235 1406 1983
f 1869 1235 1634
f 1983 2000 591
f 1406 2000 1983
f 1872 426 173
f 256 426 1872
f 173 426 1674
f 1674 426 10
f 426 256 10
f 1191 376 1061
f 1191 1601 376
f 1191 1061 1170
f 1601 1191 1170
f 136 1808 1499
f 1808 136 205
f 136 1499 1752
f 205 136 1752
f 884 679 231
f 679 884 1114
f 679 1524 231
f 1524 679 300
f 679 815 300
f 679 1114 815
f 739 504 231
f 504 884 231
f 884 504 739
f 876 132 291
f 1953 876 291
f 1802 876 1146
f 132 876 1802
f 876 100 1146
f 876 1953 100
f 1953 449 100
f 449 618 1637
f 100 449 1637
f 968 1420 1137
f 968 322 1420
f 449 968 618
f 1232 968 1137
f 968 1232 618
f 359 799 1215
f 359 475 799
f 488 359 1215
f 359 488 1082
f 992 359 1082
f 475 359 992
f 290 1747 1041
f 1747 290 555
f 555 290 1738
f 648 290 1041
f 290 648 1738
f 770 693 366
f 693 770 327
f 213 770 366
f 770 213 1525
f 327 770 1525
f 322 548 1122
f 548 1516 1122
f 968 548 322
f 1716 1912 1440
f 1912 1716 1374
f 1912 1655 1440
f 1655 1912 1374
f 614 1022 342
f 1022 1374 342
f 1022 1655 1374
f 200 224 1774
f 224 200 1292
f 1712 436 349
f 1712 433 436
f 433 1712 869
f 219 1712 349
f 1712 219 869
f 1667 1987 437
f 1987 1667 1018
f 219 1298 1774
f 1298 219 1018
f 1051 1120 1151
f 357 1211 437
f 411 98 1077
f 1211 638 1667
f 1938 885 1960
f 885 1938 1702
f 1894 885 1702
f 1938 1746 347
f 1722 1746 1938
f 1746 1722 238
f 1746 649 347
f 649 1746 238
f 361 1380 1960
f 885 361 1960
f 906 826 1665
f 826 906 875
f 826 875 771
f 826 338 1665
f 338 826 771
f 1046 906 265
f 906 1046 875
f 1032 1046 265
f 1046 1032 875
f 793 184 1076
f 793 157 184
f 793 1076 765
f 157 793 765
f 237 646 344
f 900 646 237
f 646 900 1870
f 174 646 1870
f 344 646 174
f 641 733 620
f 641 620 119
f 641 237 1838
f 237 641 119
f 1254 1761 629
f 1761 497 629
f 1761 862 497
f 1761 1254 1386
f 862 1761 1386
f 986 227 738
f 227 384 738
f 227 986 907
f 1562 227 907
f 384 227 1562
f 368 702 1623
f 702 368 675
f 384 368 738
f 368 384 663
f 941 368 663
f 675 368 941
f 284 410 738
f 284 368 1623
f 368 284 738
f 1164 634 391
f 469 1164 391
f 1164 469 839
f 410 1164 839
f 634 1164 410
f 1359 1306 154
f 1942 1359 154
f 1359 1011 1306
f 1359 115 1011
f 1359 1942 115
f 408 452 822
f 421 408 822
f 408 562 452
f 1306 967 154
f 616 967 1306
f 967 866 154
f 967 354 866
f 967 616 354
f 1174 1717 1660
f 351 1230 1432
f 880 351 413
f 351 1873 413
f 1474 351 1432
f 351 1474 1231
f 1873 351 1231
f 1230 1648 1113
f 1174 1648 923
f 1985 828 1706
f 828 320 1706
f 828 1985 1873
f 828 1873 1231
f 320 828 1231
f 918 177 479
f 1700 709 226
f 287 709 1700
f 709 1949 226
f 1900 709 287
f 1949 709 918
f 709 1900 918
f 243 859 1021
f 243 1021 527
f 243 1404 1846
f 1404 243 527
f 1021 1527 1595
f 859 1527 1021
f 1527 307 1595
f 307 1527 1363
f 1363 1527 1793
f 1527 258 1793
f 1413 1726 689
f 1726 1873 285
f 729 1971 97
f 729 535 1971
f 246 729 97
f 834 1227 597
f 626 834 597
f 1227 834 1565
f 834 626 1565
f 1064 1550 1714
f 135 1550 1064
f 1550 1981 1714
f 1550 135 1981
f 182 1375 969
f 182 135 1375
f 135 182 1411
f 1939 182 969
f 182 1939 1910
f 1411 182 1910
f 1880 215 1839
f 1303 372 192
f 1668 1303 669
f 177 1303 479
f 1303 177 669
f 1904 401 238
f 372 1904 238
f 401 1904 54
f 1904 1668 54
f 1303 1904 372
f 1904 1303 1668
f 516 1339 963
f 1888 1529 858
f 1529 836 858
f 1529 1888 891
f 1529 891 149
f 836 1529 149
f 158 1056 1463
f 1299 158 1463
f 1056 158 363
f 363 158 1214
f 158 1299 1214
f 465 1463 1692
f 465 1299 1463
f 465 1692 149
f 1299 465 149
f 252 980 1387
f 1296 980 252
f 980 524 1387
f 980 1296 524
f 1775 671 1010
f 1775 1168 671
f 1168 1775 1572
f 1511 1526 621
f 1526 1203 1592
f 1203 1526 1218
f 1526 1511 1218
f 1511 163 1218
f 52 1023 181
f 1645 1023 52
f 181 1023 72
f 1689 1225 29
f 299 659 1707
f 176 299 1707
f 299 176 473
f 299 1225 659
f 299 473 29
f 1225 299 29
f 1633 481 1974
f 659 481 1633
f 481 1689 1974
f 667 405 705
f 405 667 1905
f 1795 405 1905
f 1676 405 1795
f 912 1038 80
f 912 878 1038
f 1162 912 80
f 1162 1701 795
f 550 1701 713
f 1701 550 795
f 1701 1162 756
f 759 1713 777
f 1558 1713 1070
f 1713 1558 777
f 1086 341 1828
f 715 1086 1828
f 341 1086 472
f 472 1086 1914
f 1086 715 1914
f 1929 813 1013
f 1063 813 1929
f 813 1274 1013
f 1274 813 1680
f 813 1063 1932
f 813 1094 1680
f 1094 813 1932
f 273 1754 1991
f 1033 273 1991
f 1754 273 1973
f 273 657 1973
f 19 27 657
f 19 1033 27
f 273 19 657
f 19 273 1033
f 27 396 657
f 751 396 27
f 1237 396 17
f 657 396 1237
f 212 757 893
f 893 757 1558
f 757 1241 1558
f 1187 345 22
f 896 1990 630
f 1990 1759 630
f 1753 961 219
f 506 1753 349
f 1753 219 349
f 1410 1753 506
f 6 1760 1410
f 1760 6 961
f 1760 1753 1410
f 1753 1760 961
f 1666 345 1187
f 6 1666 961
f 1759 1666 630
f 345 1666 1759
f 1416 550 713
f 1701 1416 713
f 1416 1701 756
f 550 1416 464
f 935 1867 630
f 1666 935 630
f 935 1666 6
f 464 935 1373
f 935 6 1373
f 2000 1200 591
f 1200 213 591
f 1200 212 213
f 548 1158 1516
f 1516 1158 940
f 1158 132 940
f 132 1158 291
f 804 968 449
f 804 548 968
f 804 449 1953
f 804 1158 548
f 804 1953 291
f 1158 804 291
f 681 1022 614
f 681 819 1655
f 1022 681 1655
f 872 200 1774
f 1298 872 1774
f 638 872 1298
f 917 681 614
f 681 917 819
f 917 614 1292
f 200 917 1292
f 872 917 200
f 1987 1487 437
f 1487 357 437
f 430 939 556
f 939 1018 556
f 1667 1673 1018
f 1389 93 1716
f 1211 1488 1655
f 1246 761 1278
f 761 1487 1278
f 1487 761 357
f 357 1335 1211
f 761 1335 357
f 1335 1780 1151
f 1335 761 1780
f 1937 1890 845
f 1780 1890 370
f 1890 1027 370
f 1890 1937 1027
f 98 1517 1077
f 1517 761 1246
f 819 508 1655
f 508 1211 1655
f 508 638 1211
f 872 508 819
f 508 872 638
f 1975 140 1077
f 1430 102 1278
f 102 1430 498
f 1380 1357 1894
f 361 1357 1380
f 1357 885 1894
f 1357 361 885
f 1126 641 1838
f 641 1126 733
f 733 1126 131
f 1154 1126 1838
f 131 1126 1154
f 284 1001 410
f 1001 562 410
f 562 1001 452
f 452 1001 1623
f 1001 284 1623
f 1628 408 421
f 408 1628 562
f 562 1628 410
f 1628 634 410
f 1628 421 634
f 1004 880 413
f 880 1004 25
f 1004 956 25
f 1004 413 526
f 956 1004 526
f 951 25 479
f 1303 951 479
f 951 192 1381
f 951 1303 192
f 1941 1648 1174
f 1941 172 1444
f 172 1941 1639
f 1639 1941 1660
f 1941 1174 1660
f 351 1883 1230
f 1883 1648 1230
f 1648 1883 923
f 1883 1295 923
f 1883 351 880
f 1295 1883 880
f 1590 177 918
f 1900 1590 918
f 1703 1620 466
f 1703 287 1620
f 1800 1703 466
f 1703 1418 287
f 1418 1703 926
f 974 1527 859
f 974 1800 258
f 1527 974 258
f 974 243 1846
f 243 974 859
f 535 1764 1413
f 1764 1726 1413
f 689 92 285
f 92 1726 285
f 1726 92 689
f 1053 1322 215
f 1880 1053 215
f 1322 1053 1839
f 1053 1880 1839
f 948 1339 516
f 1339 948 448
f 1309 948 516
f 948 1309 1290
f 448 948 1290
f 1769 451 581
f 451 448 581
f 451 1769 117
f 1259 1649 1729
f 1259 1285 1649
f 1177 599 1649
f 1285 1177 1649
f 599 1177 1124
f 1775 1790 1572
f 1790 1189 887
f 1572 1790 887
f 1189 1790 1010
f 1790 1775 1010
f 786 1511 621
f 786 163 1511
f 204 786 621
f 786 1691 1531
f 786 204 1066
f 1691 786 712
f 786 1066 712
f 442 1023 1645
f 1023 442 163
f 163 442 1218
f 442 727 1218
f 442 1645 727
f 1225 1495 659
f 1495 481 659
f 1495 1225 1689
f 481 1495 1689
f 871 1676 711
f 871 405 1676
f 871 711 705
f 405 871 705
f 1643 912 1162
f 912 1643 878
f 1173 160 349
f 1713 160 1070
f 160 459 1070
f 160 1173 459
f 1593 1713 759
f 358 1593 759
f 1514 1593 358
f 160 1593 1514
f 1593 160 1713
f 1610 396 751
f 1610 61 728
f 1610 751 61
f 1610 728 17
f 396 1610 17
f 1241 1782 1328
f 757 1782 1241
f 1782 1052 1328
f 1052 1782 856
f 1319 1869 856
f 1782 1319 856
f 1319 1782 757
f 345 1596 22
f 1596 345 1759
f 1990 1596 1759
f 1596 896 22
f 1596 1990 896
f 961 1509 556
f 1666 1509 961
f 1509 1666 1187
f 477 1509 1187
f 1509 785 556
f 1509 477 785
f 1416 533 464
f 533 935 464
f 935 533 1867
f 1867 533 756
f 533 1416 756
f 1356 872 819
f 917 1356 819
f 1356 917 872
f 522 939 430
f 785 522 430
f 522 785 698
f 140 522 698
f 1874 1298 1018
f 1673 1874 1018
f 1874 638 1298
f 638 1874 1667
f 1874 1673 1667
f 1716 1996 1592
f 93 1996 1716
f 1526 1996 621
f 1902 1488 1120
f 1655 1272 1440
f 1488 1272 1655
f 1272 1389 1440
f 580 1488 1211
f 1335 580 1211
f 1488 580 1120
f 1120 580 1151
f 580 1335 1151
f 1890 1858 845
f 1858 411 845
f 1858 98 411
f 1517 1737 761
f 1517 355 1077
f 355 1517 1246
f 1683 1975 1077
f 355 1683 1077
f 1683 355 1246
f 1683 1246 1278
f 102 1683 1278
f 1975 271 498
f 271 102 498
f 1683 271 1975
f 271 1683 102
f 261 1987 1018
f 939 261 1018
f 261 1430 1278
f 1487 261 1278
f 261 1487 1987
f 1789 880 25
f 951 1789 25
f 1789 1295 880
f 1535 951 1381
f 1535 1789 951
f 1295 1535 923
f 1789 1535 1295
f 1648 1043 1113
f 1941 1043 1648
f 1043 1941 1444
f 1060 1043 1444
f 1113 1043 1060
f 1590 1935 177
f 1935 1590 1900
f 177 1935 669
f 1811 1900 287
f 1418 1811 287
f 1811 1935 1900
f 1935 1811 669
f 1811 1668 669
f 1811 1418 1668
f 1418 1472 1668
f 1404 1472 1846
f 1668 1472 1404
f 1472 1418 926
f 1472 974 1846
f 974 1472 1800
f 1472 1703 1800
f 1703 1472 926
f 1081 729 246
f 729 1081 535
f 1081 246 1401
f 1726 371 1873
f 1764 371 1726
f 1873 371 526
f 371 1401 526
f 706 1339 448
f 451 706 448
f 1943 1729 1798
f 1943 1259 1729
f 1943 1798 746
f 1107 1943 746
f 1943 1107 1124
f 1177 1943 1124
f 1259 1943 1285
f 1943 1177 1285
f 1112 786 1531
f 786 1112 163
f 1112 1023 163
f 1112 1531 72
f 1023 1112 72
f 1277 1162 1422
f 1277 1643 1162
f 878 1277 1422
f 1643 1277 878
f 696 160 1514
f 696 1514 1889
f 1373 696 1889
f 1410 696 1373
f 77 1235 1869
f 1319 77 1869
f 1920 1526 1592
f 1996 1920 1592
f 1920 1996 1526
f 457 1051 621
f 1996 457 621
f 457 1120 1051
f 457 1902 1120
f 457 1996 93
f 1902 457 93
f 1272 1408 1389
f 1408 1272 1488
f 1408 93 1389
f 1408 1902 93
f 1902 1408 1488
f 761 1377 1780
f 1737 1377 761
f 1377 1890 1780
f 1377 1858 1890
f 1377 1737 1858
f 1308 1517 98
f 1308 1737 1517
f 1858 1308 98
f 1737 1308 1858
f 1430 1089 498
f 615 1089 1430
f 1089 1975 498
f 350 522 140
f 261 1884 1430
f 1884 261 939
f 522 1884 939
f 350 1884 522
f 1454 1174 923
f 1535 1454 923
f 1174 1454 1717
f 1717 1454 1381
f 1454 1535 1381
f 1518 1764 535
f 1518 371 1764
f 1081 1518 535
f 1518 1081 1401
f 371 1518 1401
f 399 451 117
f 399 706 451
f 706 399 1339
f 399 117 425
f 963 399 425
f 1339 399 963
f 160 487 349
f 696 487 160
f 487 506 349
f 487 1410 506
f 487 696 1410
f 1235 904 1406
f 77 904 1235
f 904 2000 1406
f 904 1200 2000
f 1200 904 212
f 904 77 1319
f 904 757 212
f 904 1319 757
f 1868 1884 350
f 1868 350 140
f 1868 615 1430
f 1884 1868 1430
f 1868 1089 615
f 1975 1868 140
f 1089 1868 1975
